No,Branch_Code,Name,Type1,Type2,Ability1,Ability2,Ability_Hidden,HP,Attack,Defense,SP_Attack,SP_Defense,Speed,Total
1,1_0,Bulbasaur,Grass,Poison,Overgrow,,Chlorophyll,45,49,49,65,65,45,318
2,2_0,Ivysaur,Grass,Poison,Overgrow,,Chlorophyll,60,62,63,80,80,60,405
3,3_0,Venusaur,Grass,Poison,Overgrow,,Chlorophyll,80,82,83,100,100,80,525
3,3_1,Mega Venusaur,Grass,Poison,Thick Fat,,,80,100,123,122,120,80,625
4,4_0,Charmander,Fire,,Blaze,,Solar Power,39,52,43,60,50,65,309
5,5_0,Charmeleon,Fire,,Blaze,,Solar Power,58,64,58,80,65,80,405
6,6_0,Charizard,Fire,Flying,Blaze,,Solar Power,78,84,78,109,85,100,534
6,6_1,Mega Charizard X,Fire,Dragon,Tough Claws,,,78,130,111,130,85,100,634
6,6_2,Mega Charizard Y,Fire,Flying,Drought,,,78,104,78,159,115,100,634
7,7_0,Squirtle,Water,,Torrent,,Rain Dish,44,48,65,50,64,43,314
8,8_0,Wartortle,Water,,Torrent,,Rain Dish,59,63,80,65,80,58,405
9,9_0,Blastoise,Water,,Torrent,,Rain Dish,79,83,100,85,105,78,530
9,9_1,Mega Blastoise,Water,,Mega Launcher,,,79,103,120,135,115,78,630
10,10_0,Caterpie,Bug,,Shield Dust,,Run Away,45,30,35,20,20,45,195
11,11_0,Metapod,Bug,,Shed Skin,,,50,20,55,25,25,30,205
12,12_0,Butterfree,Bug,Flying,Compound Eyes,,Tinted Lens,60,45,50,90,80,70,395
13,13_0,Weedle,Bug,Poison,Shield Dust,,Run Away,40,35,30,20,20,50,195
14,14_0,Kakuna,Bug,Poison,Shed Skin,,,45,25,50,25,25,35,205
15,15_0,Beedrill,Bug,Poison,Swarm,,Sniper,65,90,40,45,80,75,395
15,15_1,Mega Beedrill,Bug,Poison,Adaptability,,,65,150,40,15,80,145,495
16,16_0,Pidgey,Normal,Flying,Keen Eye,Tangled Feet,Big Pecks,40,45,40,35,35,56,251
17,17_0,Pidgeotto,Normal,Flying,Keen Eye,Tangled Feet,Big Pecks,63,60,55,50,50,71,349
18,18_0,Pidgeot,Normal,Flying,Keen Eye,Tangled Feet,Big Pecks,83,80,75,70,70,101,479
18,18_1,Mega Pidgeot,Normal,Flying,No Guard,,,83,80,80,135,80,121,579
19,19_0,Rattata,Normal,,Run Away,Guts,Hustle,30,56,35,25,35,72,253
19,19_1,Alolan Rattata,Dark,Normal,Gluttony,Hustle,Thick Fat,30,56,35,25,35,72,253
20,20_0,Raticate,Normal,,Run Away,Guts,Hustle,55,81,60,50,70,97,413
20,20_1,Alolan Raticate,Dark,Normal,Gluttony,Hustle,Thick Fat,75,71,70,40,80,77,413
21,21_0,Spearow,Normal,Flying,Keen Eye,,Sniper,40,60,30,31,31,70,262
22,22_0,Fearow,Normal,Flying,Keen Eye,,Sniper,65,90,65,61,61,100,442
23,23_0,Ekans,Poison,,Intimidate,Shed Skin,Unnerve,35,60,44,40,54,55,288
24,24_0,Arbok,Poison,,Intimidate,Shed Skin,Unnerve,60,95,69,65,79,80,448
25,25_0,Pikachu,Electric,,Static,,Lightning Rod,35,55,40,50,50,90,320
26,26_0,Raichu,Electric,,Static,,Lightning Rod,60,90,55,90,80,110,485
26,26_1,Alolan Raichu,Electric,Psychic,Surge Surfer,,,60,85,50,95,85,110,485
27,27_0,Sandshrew,Ground,,Sand Veil,,Sand Rush,50,75,85,20,30,40,300
27,27_1,Alolan Sandshrew,Ice,Steel,Snow Cloak,,Slush Rush,50,75,90,10,35,40,300
28,28_0,Sandslash,Ground,,Sand Veil,,Sand Rush,75,100,110,45,55,65,450
28,28_1,Alolan Sandslash,Ice,Steel,Snow Cloak,,Slush Rush,75,100,120,25,65,65,450
29,29_0,Nidoran F,Poison,,Poison Point,Rivalry,Hustle,55,47,52,40,40,41,275
30,30_0,Nidorina,Poison,,Poison Point,Rivalry,Hustle,70,62,67,55,55,56,365
31,31_0,Nidoqueen,Poison,Ground,Poison Point,Rivalry,Sheer Force,90,92,87,75,85,76,505
32,32_0,Nidoran M,Poison,,Poison Point,Rivalry,Hustle,46,57,40,40,40,50,273
33,33_0,Nidorino,Poison,,Poison Point,Rivalry,Hustle,61,72,57,55,55,65,365
34,34_0,Nidoking,Poison,Ground,Poison Point,Rivalry,Sheer Force,81,102,77,85,75,85,505
35,35_0,Clefairy,Fairy,,Cute Charm,Magic Guard,Friend Guard,70,45,48,60,65,35,323
36,36_0,Clefable,Fairy,,Cute Charm,Magic Guard,Unaware,95,70,73,95,90,60,483
37,37_0,Vulpix,Fire,,Flash Fire,,Drought,38,41,40,50,65,65,299
37,37_1,Alolan Vulpix,Ice,,Snow Cloak,,Snow Warning,38,41,40,50,65,65,299
38,38_0,Ninetales,Fire,,Flash Fire,,Drought,73,76,75,81,100,100,505
38,38_1,Alolan Ninetales,Ice,Fairy,Snow Cloak,,Snow Warning,73,67,75,81,100,109,505
39,39_0,Jigglypuff,Normal,Fairy,Cute Charm,Competitive,Friend Guard,115,45,20,45,25,20,270
40,40_0,Wigglytuff,Normal,Fairy,Cute Charm,Competitive,Frisk,140,70,45,85,50,45,435
41,41_0,Zubat,Poison,Flying,Inner Focus,,Infiltrator,40,45,35,30,40,55,245
42,42_0,Golbat,Poison,Flying,Inner Focus,,Infiltrator,75,80,70,65,75,90,455
43,43_0,Oddish,Grass,Poison,Chlorophyll,,Run Away,45,50,55,75,65,30,320
44,44_0,Gloom,Grass,Poison,Chlorophyll,,Stench,60,65,70,85,75,40,395
45,45_0,Vileplume,Grass,Poison,Chlorophyll,,Effect Spore,75,80,85,110,90,50,490
46,46_0,Paras,Bug,Grass,Effect Spore,Dry Skin,Damp,35,70,55,45,55,25,285
47,47_0,Parasect,Bug,Grass,Effect Spore,Dry Skin,Damp,60,95,80,60,80,30,405
48,48_0,Venonat,Bug,Poison,Compound Eyes,Tinted Lens,Run Away,60,55,50,40,55,45,305
49,49_0,Venomoth,Bug,Poison,Shield Dust,Tinted Lens,Wonder Skin,70,65,60,90,75,90,450
50,50_0,Diglett,Ground,,Sand Veil,Arena Trap,Sand Force,10,55,25,35,45,95,265
50,50_1,Alolan Diglett,Ground,Steel,Sand Veil,Tangling Hair,Sand Force,10,55,30,35,45,90,265
51,51_0,Dugtrio,Ground,,Sand Veil,Arena Trap,Sand Force,35,100,50,50,70,120,425
51,51_1,Alolan Dugtrio,Ground,Steel,Sand Veil,Tangling Hair,Sand Force,35,100,60,50,70,110,425
52,52_0,Meowth,Normal,,Pickup,Technician,Unnerve,40,45,35,40,40,90,290
52,52_1,Alolan Meowth,Dark,,Pickup,Technician,Rattled,40,35,35,50,40,90,290
52,52_2,Galarian Meowth,Steel,,Pickup,Tough Claws,Unnerve,50,65,55,40,40,40,290
53,53_0,Persian,Normal,,Limber,Technician,Unnerve,65,70,60,65,65,115,440
53,53_1,Alolan Persian,Dark,,Fur Coat,Technician,Rattled,65,60,60,75,65,115,440
54,54_0,Psyduck,Water,,Damp,Cloud Nine,Swift Swim,50,52,48,65,50,55,320
55,55_0,Golduck,Water,,Damp,Cloud Nine,Swift Swim,80,82,78,95,80,85,500
56,56_0,Mankey,Fighting,,Vital Spirit,Anger Point,Defiant,40,80,35,35,45,70,305
57,57_0,Primeape,Fighting,,Vital Spirit,Anger Point,Defiant,65,105,60,60,70,95,455
58,58_0,Growlithe,Fire,,Intimidate,Flash Fire,Justified,55,70,45,70,50,60,350
58,58_1,Hisuian Growlithe,Fire,Rock,Intimidate,Flash Fire,Rock Head,60,75,45,65,50,55,350
59,59_0,Arcanine,Fire,,Intimidate,Flash Fire,Justified,90,110,80,100,80,95,555
59,59_1,Hisuian Arcanine,Fire,Rock,Intimidate,Flash Fire,Rock Head,95,115,80,95,80,90,555
60,60_0,Poliwag,Water,,Water Absorb,Damp,Swift Swim,40,50,40,40,40,90,300
61,61_0,Poliwhirl,Water,,Water Absorb,Damp,Swift Swim,65,65,65,50,50,90,385
62,62_0,Poliwrath,Water,Fighting,Water Absorb,Damp,Swift Swim,90,95,95,70,90,70,510
63,63_0,Abra,Psychic,,Synchronize,Inner Focus,Magic Guard,25,20,15,105,55,90,310
64,64_0,Kadabra,Psychic,,Synchronize,Inner Focus,Magic Guard,40,35,30,120,70,105,400
65,65_0,Alakazam,Psychic,,Synchronize,Inner Focus,Magic Guard,55,50,45,135,95,120,500
65,65_1,Mega Alakazam,Psychic,,Trace,,,55,50,65,175,105,150,600
66,66_0,Machop,Fighting,,Guts,No Guard,Steadfast,70,80,50,35,35,35,305
67,67_0,Machoke,Fighting,,Guts,No Guard,Steadfast,80,100,70,50,60,45,405
68,68_0,Machamp,Fighting,,Guts,No Guard,Steadfast,90,130,80,65,85,55,505
69,69_0,Bellsprout,Grass,Poison,Chlorophyll,,Gluttony,50,75,35,70,30,40,300
70,70_0,Weepinbell,Grass,Poison,Chlorophyll,,Gluttony,65,90,50,85,45,55,390
71,71_0,Victreebel,Grass,Poison,Chlorophyll,,Gluttony,80,105,65,100,70,70,490
72,72_0,Tentacool,Water,Poison,Clear Body,Liquid Ooze,Rain Dish,40,40,35,50,100,70,335
73,73_0,Tentacruel,Water,Poison,Clear Body,Liquid Ooze,Rain Dish,80,70,65,80,120,100,515
74,74_0,Geodude,Rock,Ground,Rock Head,Sturdy,Sand Veil,40,80,100,30,30,20,300
74,74_1,Alolan Geodude,Rock,Electric,Magnet Pull,Sturdy,Galvanize,40,80,100,30,30,20,300
75,75_0,Graveler,Rock,Ground,Rock Head,Sturdy,Sand Veil,55,95,115,45,45,35,390
75,75_1,Alolan Graveler,Rock,Electric,Magnet Pull,Sturdy,Galvanize,55,95,115,45,45,35,390
76,76_0,Golem,Rock,Ground,Rock Head,Sturdy,Sand Veil,80,120,130,55,65,45,495
76,76_1,Alolan Golem,Rock,Electric,Magnet Pull,Sturdy,Galvanize,80,120,130,55,65,45,495
77,77_0,Ponyta,Fire,,Run Away,Flash Fire,Flame Body,50,85,55,65,65,90,410
77,77_1,Galarian Ponyta,Psychic,,Run Away,Pastel Veil,Anticipation,50,85,55,65,65,90,410
78,78_0,Rapidash,Fire,,Run Away,Flash Fire,Flame Body,65,100,70,80,80,105,500
78,78_1,Galarian Rapidash,Psychic,Fairy,Run Away,Pastel Veil,Anticipation,65,100,70,80,80,105,500
79,79_0,Slowpoke,Water,Psychic,Oblivious,Own Tempo,Regenerator,90,65,65,40,40,15,315
79,79_1,Galarian Slowpoke,Psychic,,Gluttony,Own Tempo,Regenerator,90,65,65,40,40,15,315
80,80_0,Slowbro,Water,Psychic,Oblivious,Own Tempo,Regenerator,95,75,110,100,80,30,490
80,80_1,Galarian Slowbro,Poison,Psychic,Quick Draw,Own Tempo,Regenerator,95,100,95,100,70,30,490
80,80_2,Mega Slowbro,Water,Psychic,Shell Armor,,,95,75,180,130,80,30,590
81,81_0,Magnemite,Electric,Steel,Magnet Pull,Sturdy,Analytic,25,35,70,95,55,45,325
82,82_0,Magneton,Electric,Steel,Magnet Pull,Sturdy,Analytic,50,60,95,120,70,70,465
83,83_0,Farfetch'd,Normal,Flying,Keen Eye,Inner Focus,Defiant,52,90,55,58,62,60,377
83,83_1,Galarian Farfetch'd,Fighting,,Steadfast,,Scrappy,52,95,55,58,62,55,377
84,84_0,Doduo,Normal,Flying,Run Away,Early Bird,Tangled Feet,35,85,45,35,35,75,310
85,85_0,Dodrio,Normal,Flying,Run Away,Early Bird,Tangled Feet,60,110,70,60,60,110,470
86,86_0,Seel,Water,,Thick Fat,Hydration,Ice Body,65,45,55,45,70,45,325
87,87_0,Dewgong,Water,Ice,Thick Fat,Hydration,Ice Body,90,70,80,70,95,70,475
88,88_0,Grimer,Poison,,Stench,Sticky Hold,Poison Touch,80,80,50,40,50,25,325
88,88_1,Alolan Grimer,Poison,Dark,Poison Touch,Gluttony,Power of Alchemy,80,80,50,40,50,25,325
89,89_0,Muk,Poison,,Stench,Sticky Hold,Poison Touch,105,105,75,65,100,50,500
89,89_1,Alolan Muk,Poison,Dark,Poison Touch,Gluttony,Power of Alchemy,105,105,75,65,100,50,500
90,90_0,Shellder,Water,,Shell Armor,Skill Link,Overcoat,30,65,100,45,25,40,305
91,91_0,Cloyster,Water,Ice,Shell Armor,Skill Link,Overcoat,50,95,180,85,45,70,525
92,92_0,Gastly,Ghost,Poison,Levitate,,,30,35,30,100,35,80,310
93,93_0,Haunter,Ghost,Poison,Levitate,,,45,50,45,115,55,95,405
94,94_0,Gengar,Ghost,Poison,Cursed Body,,,60,65,60,130,75,110,500
94,94_1,Mega Gengar,Ghost,Poison,Shadow Tag,,,60,65,80,170,95,130,600
95,95_0,Onix,Rock,Ground,Rock Head,Sturdy,Weak Armor,35,45,160,30,45,70,385
96,96_0,Drowzee,Psychic,,Insomnia,Forewarn,Inner Focus,60,48,45,43,90,42,328
97,97_0,Hypno,Psychic,,Insomnia,Forewarn,Inner Focus,85,73,70,73,115,67,483
98,98_0,Krabby,Water,,Hyper Cutter,Shell Armor,Sheer Force,30,105,90,25,25,50,325
99,99_0,Kingler,Water,,Hyper Cutter,Shell Armor,Sheer Force,55,130,115,50,50,75,475
100,100_0,Voltorb,Electric,,Soundproof,Static,Aftermath,40,30,50,55,55,100,330
100,100_1,Hisuian Voltorb,Electric,Grass,Soundproof,Static,Aftermath,40,30,50,55,55,100,330
101,101_0,Electrode,Electric,,Soundproof,Static,Aftermath,60,50,70,80,80,150,490
101,101_1,Hisuian Electrode,Electric,Grass,Soundproof,Static,Aftermath,60,50,70,80,80,150,490
102,102_0,Exeggcute,Grass,Psychic,Chlorophyll,,Harvest,60,40,80,60,45,40,325
103,103_0,Exeggutor,Grass,Psychic,Chlorophyll,,Harvest,95,95,85,125,75,55,530
103,103_1,Alolan Exeggutor,Grass,Dragon,Frisk,,Harvest,95,105,85,125,75,45,530
104,104_0,Cubone,Ground,,Rock Head,Lightning Rod,Battle Armor,50,50,95,40,50,35,320
105,105_0,Marowak,Ground,,Rock Head,Lightning Rod,Battle Armor,60,80,110,50,80,45,425
105,105_1,Alolan Marowak,Fire,Ghost,Cursed Body,Lightning Rod,Rock Head,60,80,110,50,80,45,425
106,106_0,Hitmonlee,Fighting,,Limber,Reckless,Unburden,50,120,53,35,110,87,455
107,107_0,Hitmonchan,Fighting,,Keen Eye,Iron Fist,Inner Focus,50,105,79,35,110,76,455
108,108_0,Lickitung,Normal,,Own Tempo,Oblivious,Cloud Nine,90,55,75,60,75,30,385
109,109_0,Koffing,Poison,,Levitate,Neutralizing Gas,Stench,40,65,95,60,45,35,340
110,110_0,Weezing,Poison,,Levitate,Neutralizing Gas,Stench,65,90,120,85,70,60,490
110,110_1,Galarian Weezing,Poison,Fairy,Levitate,Neutralizing Gas,Misty Surge,65,90,120,85,70,60,490
111,111_0,Rhyhorn,Ground,Rock,Lightning Rod,Rock Head,Reckless,80,85,95,30,30,25,345
112,112_0,Rhydon,Ground,Rock,Lightning Rod,Rock Head,Reckless,105,130,120,45,45,40,485
113,113_0,Chansey,Normal,,Natural Cure,Serene Grace,Healer,250,5,5,35,105,50,450
114,114_0,Tangela,Grass,,Chlorophyll,Leaf Guard,Regenerator,65,55,115,100,40,60,435
115,115_0,Kangaskhan,Normal,,Early Bird,Scrappy,Inner Focus,105,95,80,40,80,90,490
115,115_1,Mega Kangaskhan,Normal,,Parental Bond,,,105,125,100,60,100,100,590
116,116_0,Horsea,Water,,Swift Swim,Sniper,Damp,30,40,70,70,25,60,295
117,117_0,Seadra,Water,,Poison Point,Sniper,Damp,55,65,95,95,45,85,440
118,118_0,Goldeen,Water,,Swift Swim,Water Veil,Lightning Rod,45,67,60,35,50,63,320
119,119_0,Seaking,Water,,Swift Swim,Water Veil,Lightning Rod,80,92,65,65,80,68,450
120,120_0,Staryu,Water,,Illuminate,Natural Cure,Analytic,30,45,55,70,55,85,340
121,121_0,Starmie,Water,Psychic,Illuminate,Natural Cure,Analytic,60,75,85,100,85,115,520
122,122_0,Mr. Mime,Psychic,Fairy,Soundproof,Filter,Technician,40,45,65,100,120,90,460
122,122_1,Galarian Mr. Mime,Ice,Psychic,Vital Spirit,Screen Cleaner,Ice Body,50,65,65,90,90,100,460
123,123_0,Scyther,Bug,Flying,Swarm,Technician,Steadfast,70,110,80,55,80,105,500
124,124_0,Jynx,Ice,Psychic,Oblivious,Forewarn,Dry Skin,65,50,35,115,95,95,455
125,125_0,Electabuzz,Electric,,Static,,Vital Spirit,65,83,57,95,85,105,490
126,126_0,Magmar,Fire,,Flame Body,,Vital Spirit,65,95,57,100,85,93,495
127,127_0,Pinsir,Bug,,Hyper Cutter,Mold Breaker,Moxie,65,125,100,55,70,85,500
127,127_1,Mega Pinsir,Bug,Flying,Aerilate,,,65,155,120,65,90,105,600
128,128_0,Tauros,Normal,,Intimidate,Anger Point,Sheer Force,75,100,95,40,70,110,490
128,128_1,Paldean Tauros Combat Breed,Fighting,,Intimidate,Anger Point,Cud Chew,75,110,105,30,70,100,490
128,128_2,Paldean Tauros Blaze Breed,Fighting,Fire,Intimidate,Anger Point,Cud Chew,75,110,105,30,70,100,490
128,128_3,Paldean Tauros Aqua Breed,Fighting,Water,Intimidate,Anger Point,Cud Chew,75,110,105,30,70,100,490
129,129_0,Magikarp,Water,,Swift Swim,,Rattled,20,10,55,15,20,80,200
130,130_0,Gyarados,Water,Flying,Intimidate,,Moxie,95,125,79,60,100,81,540
130,130_1,Mega Gyarados,Water,Dark,Mold Breaker,,,95,155,109,70,130,81,640
131,131_0,Lapras,Water,Ice,Water Absorb,Shell Armor,Hydration,130,85,80,85,95,60,535
132,132_0,Ditto,Normal,,Limber,,Imposter,48,48,48,48,48,48,288
133,133_0,Eevee,Normal,,Run Away,Adaptability,Anticipation,55,55,50,45,65,55,325
134,134_0,Vaporeon,Water,,Water Absorb,,Hydration,130,65,60,110,95,65,525
135,135_0,Jolteon,Electric,,Volt Absorb,,Quick Feet,65,65,60,110,95,130,525
136,136_0,Flareon,Fire,,Flash Fire,,Guts,65,130,60,95,110,65,525
137,137_0,Porygon,Normal,,Trace,Download,Analytic,65,60,70,85,75,40,395
138,138_0,Omanyte,Rock,Water,Swift Swim,Shell Armor,Weak Armor,35,40,100,90,55,35,355
139,139_0,Omastar,Rock,Water,Swift Swim,Shell Armor,Weak Armor,70,60,125,115,70,55,495
140,140_0,Kabuto,Rock,Water,Swift Swim,Battle Armor,Weak Armor,30,80,90,55,45,55,355
141,141_0,Kabutops,Rock,Water,Swift Swim,Battle Armor,Weak Armor,60,115,105,65,70,80,495
142,142_0,Aerodactyl,Rock,Flying,Rock Head,Pressure,Unnerve,80,105,65,60,75,130,515
142,142_1,Mega Aerodactyl,Rock,Flying,Tough Claws,,,80,135,85,70,95,150,615
143,143_0,Snorlax,Normal,,Immunity,Thick Fat,Gluttony,160,110,65,65,110,30,540
144,144_0,Articuno,Ice,Flying,Pressure,,Snow Cloak,90,85,100,95,125,85,580
144,144_1,Galarian Articuno,Psychic,Flying,Competitive,,,90,85,85,125,100,95,580
145,145_0,Zapdos,Electric,Flying,Pressure,,Static,90,90,85,125,90,100,580
145,145_1,Galarian Zapdos,Fighting,Flying,Defiant,,,90,125,90,85,90,100,580
146,146_0,Moltres,Fire,Flying,Pressure,,Flame Body,90,100,90,125,85,90,580
146,146_1,Galarian Moltres,Dark,Flying,Berserk,,,90,85,90,100,125,90,580
147,147_0,Dratini,Dragon,,Shed Skin,,Marvel Scale,41,64,45,50,50,50,300
148,148_0,Dragonair,Dragon,,Shed Skin,,Marvel Scale,61,84,65,70,70,70,420
149,149_0,Dragonite,Dragon,Flying,Inner Focus,,Multiscale,91,134,95,100,100,80,600
150,150_0,Mewtwo,Psychic,,Pressure,,Unnerve,106,110,90,154,90,130,680
150,150_1,Mega Mewtwo X,Psychic,Fighting,Steadfast,,,106,190,100,154,100,130,780
150,150_2,Mega Mewtwo Y,Psychic,,Insomnia,,,106,150,70,194,120,140,780
151,151_0,Mew,Psychic,,Synchronize,,,100,100,100,100,100,100,600
152,152_0,Chikorita,Grass,,Overgrow,,Leaf Guard,45,49,65,49,65,45,318
153,153_0,Bayleef,Grass,,Overgrow,,Leaf Guard,60,62,80,63,80,60,405
154,154_0,Meganium,Grass,,Overgrow,,Leaf Guard,80,82,100,83,100,80,525
155,155_0,Cyndaquil,Fire,,Blaze,,Flash Fire,39,52,43,60,50,65,309
156,156_0,Quilava,Fire,,Blaze,,Flash Fire,58,64,58,80,65,80,405
157,157_0,Typhlosion,Fire,,Blaze,,Flash Fire,78,84,78,109,85,100,534
157,157_1,Hisuian Typhlosion,Fire,Ghost,Blaze,,Frisk,73,84,78,119,85,95,534
158,158_0,Totodile,Water,,Torrent,,Sheer Force,50,65,64,44,48,43,314
159,159_0,Croconaw,Water,,Torrent,,Sheer Force,65,80,80,59,63,58,405
160,160_0,Feraligatr,Water,,Torrent,,Sheer Force,85,105,100,79,83,78,530
161,161_0,Sentret,Normal,,Run Away,Keen Eye,Frisk,35,46,34,35,45,20,215
162,162_0,Furret,Normal,,Run Away,Keen Eye,Frisk,85,76,64,45,55,90,415
163,163_0,Hoothoot,Normal,Flying,Insomnia,Keen Eye,Tinted Lens,60,30,30,36,56,50,262
164,164_0,Noctowl,Normal,Flying,Insomnia,Keen Eye,Tinted Lens,100,50,50,86,96,70,452
165,165_0,Ledyba,Bug,Flying,Swarm,Early Bird,Rattled,40,20,30,40,80,55,265
166,166_0,Ledian,Bug,Flying,Swarm,Early Bird,Iron Fist,55,35,50,55,110,85,390
167,167_0,Spinarak,Bug,Poison,Swarm,Insomnia,Sniper,40,60,40,40,40,30,250
168,168_0,Ariados,Bug,Poison,Swarm,Insomnia,Sniper,70,90,70,60,70,40,400
169,169_0,Crobat,Poison,Flying,Inner Focus,,Infiltrator,85,90,80,70,80,130,535
170,170_0,Chinchou,Water,Electric,Volt Absorb,Illuminate,Water Absorb,75,38,38,56,56,67,330
171,171_0,Lanturn,Water,Electric,Volt Absorb,Illuminate,Water Absorb,125,58,58,76,76,67,460
172,172_0,Pichu,Electric,,Static,,Lightning Rod,20,40,15,35,35,60,205
173,173_0,Cleffa,Fairy,,Cute Charm,Magic Guard,Friend Guard,50,25,28,45,55,15,218
174,174_0,Igglybuff,Normal,Fairy,Cute Charm,Competitive,Friend Guard,90,30,15,40,20,15,210
175,175_0,Togepi,Fairy,,Hustle,Serene Grace,Super Luck,35,20,65,40,65,20,245
176,176_0,Togetic,Fairy,Flying,Hustle,Serene Grace,Super Luck,55,40,85,80,105,40,405
177,177_0,Natu,Psychic,Flying,Synchronize,Early Bird,Magic Bounce,40,50,45,70,45,70,320
178,178_0,Xatu,Psychic,Flying,Synchronize,Early Bird,Magic Bounce,65,75,70,95,70,95,470
179,179_0,Mareep,Electric,,Static,,Plus,55,40,40,65,45,35,280
180,180_0,Flaaffy,Electric,,Static,,Plus,70,55,55,80,60,45,365
181,181_0,Ampharos,Electric,,Static,,Plus,90,75,85,115,90,55,510
181,181_1,Mega Ampharos,Electric,Dragon,Mold Breaker,,,90,95,105,165,110,45,610
182,182_0,Bellossom,Grass,,Chlorophyll,,Healer,75,80,95,90,100,50,490
183,183_0,Marill,Water,Fairy,Thick Fat,Huge Power,Sap Sipper,70,20,50,20,50,40,250
184,184_0,Azumarill,Water,Fairy,Thick Fat,Huge Power,Sap Sipper,100,50,80,60,80,50,420
185,185_0,Sudowoodo,Rock,,Sturdy,Rock Head,Rattled,70,100,115,30,65,30,410
186,186_0,Politoed,Water,,Water Absorb,Damp,Drizzle,90,75,75,90,100,70,500
187,187_0,Hoppip,Grass,Flying,Chlorophyll,Leaf Guard,Infiltrator,35,35,40,35,55,50,250
188,188_0,Skiploom,Grass,Flying,Chlorophyll,Leaf Guard,Infiltrator,55,45,50,45,65,80,340
189,189_0,Jumpluff,Grass,Flying,Chlorophyll,Leaf Guard,Infiltrator,75,55,70,55,95,110,460
190,190_0,Aipom,Normal,,Run Away,Pickup,Skill Link,55,70,55,40,55,85,360
191,191_0,Sunkern,Grass,,Chlorophyll,Solar Power,Early Bird,30,30,30,30,30,30,180
192,192_0,Sunflora,Grass,,Chlorophyll,Solar Power,Early Bird,75,75,55,105,85,30,425
193,193_0,Yanma,Bug,Flying,Speed Boost,Compound Eyes,Frisk,65,65,45,75,45,95,390
194,194_0,Paldean Wooper,Poison,Ground,Poison Point,Water Absorb,Unaware,55,45,45,25,25,15,210
194,194_1,Wooper,Water,Ground,Damp,Water Absorb,Unaware,55,45,45,25,25,15,210
195,195_0,Quagsire,Water,Ground,Damp,Water Absorb,Unaware,95,85,85,65,65,35,430
196,196_0,Espeon,Psychic,,Synchronize,,Magic Bounce,65,65,60,130,95,110,525
197,197_0,Umbreon,Dark,,Synchronize,,Inner Focus,95,65,110,60,130,65,525
198,198_0,Murkrow,Dark,Flying,Insomnia,Super Luck,Prankster,60,85,42,85,42,91,405
199,199_0,Slowking,Water,Psychic,Oblivious,Own Tempo,Regenerator,95,75,80,100,110,30,490
199,199_1,Galarian Slowking,Poison,Psychic,Curious Medicine,Own Tempo,Regenerator,95,65,80,110,110,30,490
200,200_0,Misdreavus,Ghost,,Levitate,,,60,60,60,85,85,85,435
201,201_0,Unown,Psychic,,Levitate,,,48,72,48,72,48,48,336
202,202_0,Wobbuffet,Psychic,,Shadow Tag,,Telepathy,190,33,58,33,58,33,405
203,203_0,Girafarig,Normal,Psychic,Inner Focus,Early Bird,Sap Sipper,70,80,65,90,65,85,455
204,204_0,Pineco,Bug,,Sturdy,,Overcoat,50,65,90,35,35,15,290
205,205_0,Forretress,Bug,Steel,Sturdy,,Overcoat,75,90,140,60,60,40,465
206,206_0,Dunsparce,Normal,,Serene Grace,Run Away,Rattled,100,70,70,65,65,45,415
207,207_0,Gligar,Ground,Flying,Hyper Cutter,Sand Veil,Immunity,65,75,105,35,65,85,430
208,208_0,Steelix,Steel,Ground,Rock Head,Sturdy,Sheer Force,75,85,200,55,65,30,510
208,208_1,Mega Steelix,Steel,Ground,Sand Force,,,75,125,230,55,95,30,610
209,209_0,Snubbull,Fairy,,Intimidate,Run Away,Rattled,60,80,50,40,40,30,300
210,210_0,Granbull,Fairy,,Intimidate,Quick Feet,Rattled,90,120,75,60,60,45,450
211,211_0,Qwilfish,Water,Poison,Poison Point,Swift Swim,Intimidate,65,95,85,55,55,85,440
211,211_1,Hisuian Qwilfish,Dark,Poison,Poison Point,Swift Swim,Intimidate,65,95,85,55,55,85,440
212,212_0,Scizor,Bug,Steel,Swarm,Technician,Light Metal,70,130,100,55,80,65,500
212,212_1,Mega Scizor,Bug,Steel,Technician,,,70,150,140,65,100,75,600
213,213_0,Shuckle,Bug,Rock,Sturdy,Gluttony,Contrary,20,10,230,10,230,5,505
214,214_0,Heracross,Bug,Fighting,Swarm,Guts,Moxie,80,125,75,40,95,85,500
214,214_1,Mega Heracross,Bug,Fighting,Skill Link,,,80,185,115,40,105,75,600
215,215_0,Sneasel,Dark,Ice,Inner Focus,Keen Eye,Pickpocket,55,95,55,35,75,115,430
215,215_1,Hisuian Sneasel,Fighting,Poison,Inner Focus,Keen Eye,Pickpocket,55,95,55,35,75,115,430
216,216_0,Teddiursa,Normal,,Pickup,Quick Feet,Honey Gather,60,80,50,50,50,40,330
217,217_0,Ursaring,Normal,,Guts,Quick Feet,Unnerve,90,130,75,75,75,55,500
218,218_0,Slugma,Fire,,Magma Armor,Flame Body,Weak Armor,40,40,40,70,40,20,250
219,219_0,Magcargo,Fire,Rock,Magma Armor,Flame Body,Weak Armor,60,50,120,90,80,30,430
220,220_0,Swinub,Ice,Ground,Oblivious,Snow Cloak,Thick Fat,50,50,40,30,30,50,250
221,221_0,Piloswine,Ice,Ground,Oblivious,Snow Cloak,Thick Fat,100,100,80,60,60,50,450
222,222_0,Corsola,Water,Rock,Hustle,Natural Cure,Regenerator,65,55,95,65,95,35,410
222,222_1,Galarian Corsola,Ghost,,Weak Armor,,Cursed Body,60,55,100,65,100,30,410
223,223_0,Remoraid,Water,,Hustle,Sniper,Moody,35,65,35,65,35,65,300
224,224_0,Octillery,Water,,Suction Cups,Sniper,Moody,75,105,75,105,75,45,480
225,225_0,Delibird,Ice,Flying,Vital Spirit,Hustle,Insomnia,45,55,45,65,45,75,330
226,226_0,Mantine,Water,Flying,Swift Swim,Water Absorb,Water Veil,85,40,70,80,140,70,485
227,227_0,Skarmory,Steel,Flying,Keen Eye,Sturdy,Weak Armor,65,80,140,40,70,70,465
228,228_0,Houndour,Dark,Fire,Early Bird,Flash Fire,Unnerve,45,60,30,80,50,65,330
229,229_0,Houndoom,Dark,Fire,Early Bird,Flash Fire,Unnerve,75,90,50,110,80,95,500
229,229_1,Mega Houndoom,Dark,Fire,Solar Power,,,75,90,90,140,90,115,600
230,230_0,Kingdra,Water,Dragon,Swift Swim,Sniper,Damp,75,95,95,95,95,85,540
231,231_0,Phanpy,Ground,,Pickup,,Sand Veil,90,60,60,40,40,40,330
232,232_0,Donphan,Ground,,Sturdy,,Sand Veil,90,120,120,60,60,50,500
233,233_0,Porygon2,Normal,,Trace,Download,Analytic,85,80,90,105,95,60,515
234,234_0,Stantler,Normal,,Intimidate,Frisk,Sap Sipper,73,95,62,85,65,85,465
235,235_0,Smeargle,Normal,,Own Tempo,Technician,Moody,55,20,35,20,45,75,250
236,236_0,Tyrogue,Fighting,,Guts,Steadfast,Vital Spirit,35,35,35,35,35,35,210
237,237_0,Hitmontop,Fighting,,Intimidate,Technician,Steadfast,50,95,95,35,110,70,455
238,238_0,Smoochum,Ice,Psychic,Oblivious,Forewarn,Hydration,45,30,15,85,65,65,305
239,239_0,Elekid,Electric,,Static,,Vital Spirit,45,63,37,65,55,95,360
240,240_0,Magby,Fire,,Flame Body,,Vital Spirit,45,75,37,70,55,83,365
241,241_0,Miltank,Normal,,Thick Fat,Scrappy,Sap Sipper,95,80,105,40,70,100,490
242,242_0,Blissey,Normal,,Natural Cure,Serene Grace,Healer,255,10,10,75,135,55,540
243,243_0,Raikou,Electric,,Pressure,,Inner Focus,90,85,75,115,100,115,580
244,244_0,Entei,Fire,,Pressure,,Inner Focus,115,115,85,90,75,100,580
245,245_0,Suicune,Water,,Pressure,,Inner Focus,100,75,115,90,115,85,580
246,246_0,Larvitar,Rock,Ground,Guts,,Sand Veil,50,64,50,45,50,41,300
247,247_0,Pupitar,Rock,Ground,Shed Skin,,,70,84,70,65,70,51,410
248,248_0,Tyranitar,Rock,Dark,Sand Stream,,Unnerve,100,134,110,95,100,61,600
248,248_1,Mega Tyranitar,Rock,Dark,Sand Stream,,,100,164,150,95,120,71,700
249,249_0,Lugia,Psychic,Flying,Pressure,,Multiscale,106,90,130,90,154,110,680
250,250_0,Ho-Oh,Fire,Flying,Pressure,,Regenerator,106,130,90,110,154,90,680
251,251_0,Celebi,Psychic,Grass,Natural Cure,,,100,100,100,100,100,100,600
252,252_0,Treecko,Grass,,Overgrow,,Unburden,40,45,35,65,55,70,310
253,253_0,Grovyle,Grass,,Overgrow,,Unburden,50,65,45,85,65,95,405
254,254_0,Sceptile,Grass,,Overgrow,,Unburden,70,85,65,105,85,120,530
254,254_1,Mega Sceptile,Grass,Dragon,Lightning Rod,,,70,110,75,145,85,145,630
255,255_0,Torchic,Fire,,Blaze,,Speed Boost,45,60,40,70,50,45,310
256,256_0,Combusken,Fire,Fighting,Blaze,,Speed Boost,60,85,60,85,60,55,405
257,257_0,Blaziken,Fire,Fighting,Blaze,,Speed Boost,80,120,70,110,70,80,530
257,257_1,Mega Blaziken,Fire,Fighting,Speed Boost,,,80,160,80,130,80,100,630
258,258_0,Mudkip,Water,,Torrent,,Damp,50,70,50,50,50,40,310
259,259_0,Marshtomp,Water,Ground,Torrent,,Damp,70,85,70,60,70,50,405
260,260_0,Swampert,Water,Ground,Torrent,,Damp,100,110,90,85,90,60,535
260,260_1,Mega Swampert,Water,Ground,Swift Swim,,,100,150,110,95,110,70,635
261,261_0,Poochyena,Dark,,Run Away,Quick Feet,Rattled,35,55,35,30,30,35,220
262,262_0,Mightyena,Dark,,Intimidate,Quick Feet,Moxie,70,90,70,60,60,70,420
263,263_0,Zigzagoon,Normal,,Pickup,Gluttony,Quick Feet,38,30,41,30,41,60,240
263,263_1,Galarian Zigzagoon,Dark,Normal,Pickup,Gluttony,Quick Feet,38,30,41,30,41,60,240
264,264_0,Linoone,Normal,,Pickup,Gluttony,Quick Feet,78,70,61,50,61,100,420
264,264_1,Galarian Linoone,Dark,Normal,Pickup,Gluttony,Quick Feet,78,70,61,50,61,100,420
265,265_0,Wurmple,Bug,,Shield Dust,,Run Away,45,45,35,20,30,20,195
266,266_0,Silcoon,Bug,,Shed Skin,,,50,35,55,25,25,15,205
267,267_0,Beautifly,Bug,Flying,Swarm,,Rivalry,60,70,50,100,50,65,395
268,268_0,Cascoon,Bug,,Shed Skin,,,50,35,55,25,25,15,205
269,269_0,Dustox,Bug,Poison,Shield Dust,,Compound Eyes,60,50,70,50,90,65,385
270,270_0,Lotad,Water,Grass,Swift Swim,Rain Dish,Own Tempo,40,30,30,40,50,30,220
271,271_0,Lombre,Water,Grass,Swift Swim,Rain Dish,Own Tempo,60,50,50,60,70,50,340
272,272_0,Ludicolo,Water,Grass,Swift Swim,Rain Dish,Own Tempo,80,70,70,90,100,70,480
273,273_0,Seedot,Grass,,Chlorophyll,Early Bird,Pickpocket,40,40,50,30,30,30,220
274,274_0,Nuzleaf,Grass,Dark,Chlorophyll,Early Bird,Pickpocket,70,70,40,60,40,60,340
275,275_0,Shiftry,Grass,Dark,Chlorophyll,Early Bird,Pickpocket,90,100,60,90,60,80,480
276,276_0,Taillow,Normal,Flying,Guts,,Scrappy,40,55,30,30,30,85,270
277,277_0,Swellow,Normal,Flying,Guts,,Scrappy,60,85,60,75,50,125,455
278,278_0,Wingull,Water,Flying,Keen Eye,Hydration,Rain Dish,40,30,30,55,30,85,270
279,279_0,Pelipper,Water,Flying,Keen Eye,Drizzle,Rain Dish,60,50,100,95,70,65,440
280,280_0,Ralts,Psychic,Fairy,Synchronize,Trace,Telepathy,28,25,25,45,35,40,198
281,281_0,Kirlia,Psychic,Fairy,Synchronize,Trace,Telepathy,38,35,35,65,55,50,278
282,282_0,Gardevoir,Psychic,Fairy,Synchronize,Trace,Telepathy,68,65,65,125,115,80,518
282,282_1,Mega Gardevoir,Psychic,Fairy,Pixilate,,,68,85,65,165,135,100,618
283,283_0,Surskit,Bug,Water,Swift Swim,,Rain Dish,40,30,32,50,52,65,269
284,284_0,Masquerain,Bug,Flying,Intimidate,,Unnerve,70,60,62,100,82,80,454
285,285_0,Shroomish,Grass,,Effect Spore,Poison Heal,Quick Feet,60,40,60,40,60,35,295
286,286_0,Breloom,Grass,Fighting,Effect Spore,Poison Heal,Technician,60,130,80,60,60,70,460
287,287_0,Slakoth,Normal,,Truant,,,60,60,60,35,35,30,280
288,288_0,Vigoroth,Normal,,Vital Spirit,,,80,80,80,55,55,90,440
289,289_0,Slaking,Normal,,Truant,,,150,160,100,95,65,100,670
290,290_0,Nincada,Bug,Ground,Compound Eyes,,Run Away,31,45,90,30,30,40,266
291,291_0,Ninjask,Bug,Flying,Speed Boost,,Infiltrator,61,90,45,50,50,160,456
292,292_0,Shedinja,Bug,Ghost,Wonder Guard,,,1,90,45,30,30,40,236
293,293_0,Whismur,Normal,,Soundproof,,Rattled,64,51,23,51,23,28,240
294,294_0,Loudred,Normal,,Soundproof,,Scrappy,84,71,43,71,43,48,360
295,295_0,Exploud,Normal,,Soundproof,,Scrappy,104,91,63,91,73,68,490
296,296_0,Makuhita,Fighting,,Thick Fat,Guts,Sheer Force,72,60,30,20,30,25,237
297,297_0,Hariyama,Fighting,,Thick Fat,Guts,Sheer Force,144,120,60,40,60,50,474
298,298_0,Azurill,Normal,Fairy,Thick Fat,Huge Power,Sap Sipper,50,20,40,20,40,20,190
299,299_0,Nosepass,Rock,,Sturdy,Magnet Pull,Sand Force,30,45,135,45,90,30,375
300,300_0,Skitty,Normal,,Cute Charm,Normalize,Wonder Skin,50,45,45,35,35,50,260
301,301_0,Delcatty,Normal,,Cute Charm,Normalize,Wonder Skin,70,65,65,55,55,90,400
302,302_0,Sableye,Dark,Ghost,Keen Eye,Stall,Prankster,50,75,75,65,65,50,380
302,302_1,Mega Sableye,Dark,Ghost,Magic Bounce,,,50,85,125,85,115,20,480
303,303_0,Mawile,Steel,Fairy,Hyper Cutter,Intimidate,Sheer Force,50,85,85,55,55,50,380
303,303_1,Mega Mawile,Steel,Fairy,Huge Power,,,50,105,125,55,95,50,480
304,304_0,Aron,Steel,Rock,Sturdy,Rock Head,Heavy Metal,50,70,100,40,40,30,330
305,305_0,Lairon,Steel,Rock,Sturdy,Rock Head,Heavy Metal,60,90,140,50,50,40,430
306,306_0,Aggron,Steel,Rock,Sturdy,Rock Head,Heavy Metal,70,110,180,60,60,50,530
306,306_1,Mega Aggron,Steel,,Filter,,,70,140,230,60,80,50,630
307,307_0,Meditite,Fighting,Psychic,Pure Power,,Telepathy,30,40,55,40,55,60,280
308,308_0,Medicham,Fighting,Psychic,Pure Power,,Telepathy,60,60,75,60,75,80,410
308,308_1,Mega Medicham,Fighting,Psychic,Pure Power,,,60,100,85,80,85,100,510
309,309_0,Electrike,Electric,,Static,Lightning Rod,Minus,40,45,40,65,40,65,295
310,310_0,Manectric,Electric,,Static,Lightning Rod,Minus,70,75,60,105,60,105,475
310,310_1,Mega Manectric,Electric,,Intimidate,,,70,75,80,135,80,135,575
311,311_0,Plusle,Electric,,Plus,,Lightning Rod,60,50,40,85,75,95,405
312,312_0,Minun,Electric,,Minus,,Volt Absorb,60,40,50,75,85,95,405
313,313_0,Volbeat,Bug,,Illuminate,Swarm,Prankster,65,73,75,47,85,85,430
314,314_0,Illumise,Bug,,Oblivious,Tinted Lens,Prankster,65,47,75,73,85,85,430
315,315_0,Roselia,Grass,Poison,Natural Cure,Poison Point,Leaf Guard,50,60,45,100,80,65,400
316,316_0,Gulpin,Poison,,Liquid Ooze,Sticky Hold,Gluttony,70,43,53,43,53,40,302
317,317_0,Swalot,Poison,,Liquid Ooze,Sticky Hold,Gluttony,100,73,83,73,83,55,467
318,318_0,Carvanha,Water,Dark,Rough Skin,,Speed Boost,45,90,20,65,20,65,305
319,319_0,Sharpedo,Water,Dark,Rough Skin,,Speed Boost,70,120,40,95,40,95,460
319,319_1,Mega Sharpedo,Water,Dark,Strong Jaw,,,70,140,70,110,65,105,560
320,320_0,Wailmer,Water,,Water Veil,Oblivious,Pressure,130,70,35,70,35,60,400
321,321_0,Wailord,Water,,Water Veil,Oblivious,Pressure,170,90,45,90,45,60,500
322,322_0,Numel,Fire,Ground,Oblivious,Simple,Own Tempo,60,60,40,65,45,35,305
323,323_0,Camerupt,Fire,Ground,Magma Armor,Solid Rock,Anger Point,70,100,70,105,75,40,460
323,323_1,Mega Camerupt,Fire,Ground,Sheer Force,,,70,120,100,145,105,20,560
324,324_0,Torkoal,Fire,,White Smoke,Drought,Shell Armor,70,85,140,85,70,20,470
325,325_0,Spoink,Psychic,,Thick Fat,Own Tempo,Gluttony,60,25,35,70,80,60,330
326,326_0,Grumpig,Psychic,,Thick Fat,Own Tempo,Gluttony,80,45,65,90,110,80,470
327,327_0,Spinda,Normal,,Own Tempo,Tangled Feet,Contrary,60,60,60,60,60,60,360
328,328_0,Trapinch,Ground,,Hyper Cutter,Arena Trap,Sheer Force,45,100,45,45,45,10,290
329,329_0,Vibrava,Ground,Dragon,Levitate,,,50,70,50,50,50,70,340
330,330_0,Flygon,Ground,Dragon,Levitate,,,80,100,80,80,80,100,520
331,331_0,Cacnea,Grass,,Sand Veil,,Water Absorb,50,85,40,85,40,35,335
332,332_0,Cacturne,Grass,Dark,Sand Veil,,Water Absorb,70,115,60,115,60,55,475
333,333_0,Swablu,Normal,Flying,Natural Cure,,Cloud Nine,45,40,60,40,75,50,310
334,334_0,Altaria,Dragon,Flying,Natural Cure,,Cloud Nine,75,70,90,70,105,80,490
334,334_1,Mega Altaria,Dragon,Fairy,Pixilate,,,75,110,110,110,105,80,590
335,335_0,Zangoose,Normal,,Immunity,,Toxic Boost,73,115,60,60,60,90,458
336,336_0,Seviper,Poison,,Shed Skin,,Infiltrator,73,100,60,100,60,65,458
337,337_0,Lunatone,Rock,Psychic,Levitate,,,90,55,65,95,85,70,460
338,338_0,Solrock,Rock,Psychic,Levitate,,,90,95,85,55,65,70,460
339,339_0,Barboach,Water,Ground,Oblivious,Anticipation,Hydration,50,48,43,46,41,60,288
340,340_0,Whiscash,Water,Ground,Oblivious,Anticipation,Hydration,110,78,73,76,71,60,468
341,341_0,Corphish,Water,,Hyper Cutter,Shell Armor,Adaptability,43,80,65,50,35,35,308
342,342_0,Crawdaunt,Water,Dark,Hyper Cutter,Shell Armor,Adaptability,63,120,85,90,55,55,468
343,343_0,Baltoy,Ground,Psychic,Levitate,,,40,40,55,40,70,55,300
344,344_0,Claydol,Ground,Psychic,Levitate,,,60,70,105,70,120,75,500
345,345_0,Lileep,Rock,Grass,Suction Cups,,Storm Drain,66,41,77,61,87,23,355
346,346_0,Cradily,Rock,Grass,Suction Cups,,Storm Drain,86,81,97,81,107,43,495
347,347_0,Anorith,Rock,Bug,Battle Armor,,Swift Swim,45,95,50,40,50,75,355
348,348_0,Armaldo,Rock,Bug,Battle Armor,,Swift Swim,75,125,100,70,80,45,495
349,349_0,Feebas,Water,,Swift Swim,Oblivious,Adaptability,20,15,20,10,55,80,200
350,350_0,Milotic,Water,,Marvel Scale,Competitive,Cute Charm,95,60,79,100,125,81,540
351,351_0,Castform,Normal,,Forecast,,,70,70,70,70,70,70,420
351,351_1,Castform Sunny Form,Normal,,Forecast,,,70,70,70,70,70,70,420
351,351_2,Castform Rainy Form,Normal,,Forecast,,,70,70,70,70,70,70,420
351,351_3,Castform Snowy Form,Normal,,Forecast,,,70,70,70,70,70,70,420
352,352_0,Kecleon,Normal,,Color Change,,Protean,60,90,70,60,120,40,440
353,353_0,Shuppet,Ghost,,Insomnia,Frisk,Cursed Body,44,75,35,63,33,45,295
354,354_0,Banette,Ghost,,Insomnia,Frisk,Cursed Body,64,115,65,83,63,65,455
354,354_1,Mega Banette,Ghost,,Prankster,,,64,165,75,93,83,75,555
355,355_0,Duskull,Ghost,,Levitate,,Frisk,20,40,90,30,90,25,295
356,356_0,Dusclops,Ghost,,Pressure,,Frisk,40,70,130,60,130,25,455
357,357_0,Tropius,Grass,Flying,Chlorophyll,Solar Power,Harvest,99,68,83,72,87,51,460
358,358_0,Chimecho,Psychic,,Levitate,,,75,50,80,95,90,65,455
359,359_0,Absol,Dark,,Pressure,Super Luck,Justified,65,130,60,75,60,75,465
359,359_1,Mega Absol,Dark,,Magic Bounce,,,65,150,60,115,60,115,565
360,360_0,Wynaut,Psychic,,Shadow Tag,,Telepathy,95,23,48,23,48,23,260
361,361_0,Snorunt,Ice,,Inner Focus,Ice Body,Moody,50,50,50,50,50,50,300
362,362_0,Glalie,Ice,,Inner Focus,Ice Body,Moody,80,80,80,80,80,80,480
362,362_1,Mega Glalie,Ice,,Refrigerate,,,80,120,80,120,80,100,580
363,363_0,Spheal,Ice,Water,Thick Fat,Ice Body,Oblivious,70,40,50,55,50,25,290
364,364_0,Sealeo,Ice,Water,Thick Fat,Ice Body,Oblivious,90,60,70,75,70,45,410
365,365_0,Walrein,Ice,Water,Thick Fat,Ice Body,Oblivious,110,80,90,95,90,65,530
366,366_0,Clamperl,Water,,Shell Armor,,Rattled,35,64,85,74,55,32,345
367,367_0,Huntail,Water,,Swift Swim,,Water Veil,55,104,105,94,75,52,485
368,368_0,Gorebyss,Water,,Swift Swim,,Hydration,55,84,105,114,75,52,485
369,369_0,Relicanth,Water,Rock,Swift Swim,Rock Head,Sturdy,100,90,130,45,65,55,485
370,370_0,Luvdisc,Water,,Swift Swim,,Hydration,43,30,55,40,65,97,330
371,371_0,Bagon,Dragon,,Rock Head,,Sheer Force,45,75,60,40,30,50,300
372,372_0,Shelgon,Dragon,,Rock Head,,Overcoat,65,95,100,60,50,50,420
373,373_0,Salamence,Dragon,Flying,Intimidate,,Moxie,95,135,80,110,80,100,600
373,373_1,Mega Salamence,Dragon,Flying,Aerilate,,,95,145,130,120,90,120,700
374,374_0,Beldum,Steel,Psychic,Clear Body,,Light Metal,40,55,80,35,60,30,300
375,375_0,Metang,Steel,Psychic,Clear Body,,Light Metal,60,75,100,55,80,50,420
376,376_0,Metagross,Steel,Psychic,Clear Body,,Light Metal,80,135,130,95,90,70,600
376,376_1,Mega Metagross,Steel,Psychic,Tough Claws,,,80,145,150,105,110,110,700
377,377_0,Regirock,Rock,,Clear Body,,Sturdy,80,100,200,50,100,50,580
378,378_0,Regice,Ice,,Clear Body,,Ice Body,80,50,100,100,200,50,580
379,379_0,Registeel,Steel,,Clear Body,,Light Metal,80,75,150,75,150,50,580
380,380_0,Latias,Dragon,Psychic,Levitate,,,80,80,90,110,130,110,600
380,380_1,Mega Latias,Dragon,Psychic,Levitate,,,80,100,120,140,150,110,700
381,381_0,Latios,Dragon,Psychic,Levitate,,,80,90,80,130,110,110,600
381,381_1,Mega Latios,Dragon,Psychic,Levitate,,,80,130,100,160,120,110,700
382,382_0,Kyogre,Water,,Drizzle,,,100,100,90,150,140,90,670
382,382_1,Primal Kyogre,Water,,Primordial Sea,,,100,150,90,180,160,90,770
383,383_0,Groudon,Ground,,Drought,,,100,150,140,100,90,90,670
383,383_1,Primal Groudon,Ground,Fire,Desolate Land,,,100,180,160,150,90,90,770
384,384_0,Rayquaza,Dragon,Flying,Air Lock,,,105,150,90,150,90,95,680
384,384_1,Mega Rayquaza,Dragon,Flying,Delta Stream,,,105,180,100,180,100,115,780
385,385_0,Jirachi,Steel,Psychic,Serene Grace,,,100,100,100,100,100,100,600
386,386_0,Deoxys,Psychic,,Pressure,,,50,150,50,150,50,150,600
386,386_1,Deoxys Attack Form,Psychic,,Pressure,,,50,180,20,180,20,150,600
386,386_2,Deoxys Defense Form,Psychic,,Pressure,,,50,70,160,70,160,90,600
386,386_3,Deoxys Speed Form,Psychic,,Pressure,,,50,95,90,95,90,180,600
387,387_0,Turtwig,Grass,,Overgrow,,Shell Armor,55,68,64,45,55,31,318
388,388_0,Grotle,Grass,,Overgrow,,Shell Armor,75,89,85,55,65,36,405
389,389_0,Torterra,Grass,Ground,Overgrow,,Shell Armor,95,109,105,75,85,56,525
390,390_0,Chimchar,Fire,,Blaze,,Iron Fist,44,58,44,58,44,61,309
391,391_0,Monferno,Fire,Fighting,Blaze,,Iron Fist,64,78,52,78,52,81,405
392,392_0,Infernape,Fire,Fighting,Blaze,,Iron Fist,76,104,71,104,71,108,534
393,393_0,Piplup,Water,,Torrent,,Defiant,53,51,53,61,56,40,314
394,394_0,Prinplup,Water,,Torrent,,Defiant,64,66,68,81,76,50,405
395,395_0,Empoleon,Water,Steel,Torrent,,Defiant,84,86,88,111,101,60,530
396,396_0,Starly,Normal,Flying,Keen Eye,,Reckless,40,55,30,30,30,60,245
397,397_0,Staravia,Normal,Flying,Intimidate,,Reckless,55,75,50,40,40,80,340
398,398_0,Staraptor,Normal,Flying,Intimidate,,Reckless,85,120,70,50,60,100,485
399,399_0,Bidoof,Normal,,Simple,Unaware,Moody,59,45,40,35,40,31,250
400,400_0,Bibarel,Normal,Water,Simple,Unaware,Moody,79,85,60,55,60,71,410
401,401_0,Kricketot,Bug,,Shed Skin,,Run Away,37,25,41,25,41,25,194
402,402_0,Kricketune,Bug,,Swarm,,Technician,77,85,51,55,51,65,384
403,403_0,Shinx,Electric,,Rivalry,Intimidate,Guts,45,65,34,40,34,45,263
404,404_0,Luxio,Electric,,Rivalry,Intimidate,Guts,60,85,49,60,49,60,363
405,405_0,Luxray,Electric,,Rivalry,Intimidate,Guts,80,120,79,95,79,70,523
406,406_0,Budew,Grass,Poison,Natural Cure,Poison Point,Leaf Guard,40,30,35,50,70,55,280
407,407_0,Roserade,Grass,Poison,Natural Cure,Poison Point,Technician,60,70,65,125,105,90,515
408,408_0,Cranidos,Rock,,Mold Breaker,,Sheer Force,67,125,40,30,30,58,350
409,409_0,Rampardos,Rock,,Mold Breaker,,Sheer Force,97,165,60,65,50,58,495
410,410_0,Shieldon,Rock,Steel,Sturdy,,Soundproof,30,42,118,42,88,30,350
411,411_0,Bastiodon,Rock,Steel,Sturdy,,Soundproof,60,52,168,47,138,30,495
412,412_0,Burmy Plant Form,Bug,,Shed Skin,,Overcoat,40,29,45,29,45,36,224
412,412_1,Burmy Sandy Form,Bug,,Shed Skin,,Overcoat,40,29,45,29,45,36,224
412,412_2,Burmy Trash Form,Bug,,Shed Skin,,Overcoat,40,29,45,29,45,36,224
413,413_0,Wormadam Plant Form,Bug,Grass,Anticipation,,Overcoat,60,59,85,79,105,36,424
413,413_1,Wormadam Sandy Form,Bug,Ground,Anticipation,,Overcoat,60,79,105,59,85,36,424
413,413_2,Wormadam Trash Form,Bug,Steel,Anticipation,,Overcoat,60,69,95,69,95,36,424
414,414_0,Mothim,Bug,Flying,Swarm,,Tinted Lens,70,94,50,94,50,66,424
415,415_0,Combee,Bug,Flying,Honey Gather,,Hustle,30,30,42,30,42,70,244
416,416_0,Vespiquen,Bug,Flying,Pressure,,Unnerve,70,80,102,80,102,40,474
417,417_0,Pachirisu,Electric,,Run Away,Pickup,Volt Absorb,60,45,70,45,90,95,405
418,418_0,Buizel,Water,,Swift Swim,,Water Veil,55,65,35,60,30,85,330
419,419_0,Floatzel,Water,,Swift Swim,,Water Veil,85,105,55,85,50,115,495
420,420_0,Cherubi,Grass,,Chlorophyll,,,45,35,45,62,53,35,275
421,421_0,Cherrim,Grass,,Flower Gift,,,70,60,70,87,78,85,450
421,421_1,Cherrim Sunshine Form,Grass,,Flower Gift,,,70,60,70,87,78,85,450
422,422_0,Shellos East-Sea Form,Water,,Sticky Hold,Storm Drain,Sand Force,76,48,48,57,62,34,325
422,422_1,Shellos West-Sea Form,Water,,Sticky Hold,Storm Drain,Sand Force,76,48,48,57,62,34,325
423,423_0,Gastrodon East-Sea Form,Water,Ground,Sticky Hold,Storm Drain,Sand Force,111,83,68,92,82,39,475
423,423_1,Gastrodon West-Sea Form,Water,Ground,Sticky Hold,Storm Drain,Sand Force,111,83,68,92,82,39,475
424,424_0,Ambipom,Normal,,Technician,Pickup,Skill Link,75,100,66,60,66,115,482
425,425_0,Drifloon,Ghost,Flying,Aftermath,Unburden,Flare Boost,90,50,34,60,44,70,348
426,426_0,Drifblim,Ghost,Flying,Aftermath,Unburden,Flare Boost,150,80,44,90,54,80,498
427,427_0,Buneary,Normal,,Run Away,Klutz,Limber,55,66,44,44,56,85,350
428,428_0,Lopunny,Normal,,Cute Charm,Klutz,Limber,65,76,84,54,96,105,480
428,428_1,Mega Lopunny,Normal,Fighting,Scrappy,,,65,136,94,54,96,135,580
429,429_0,Mismagius,Ghost,,Levitate,,,60,60,60,105,105,105,495
430,430_0,Honchkrow,Dark,Flying,Insomnia,Super Luck,Moxie,100,125,52,105,52,71,505
431,431_0,Glameow,Normal,,Limber,Own Tempo,Keen Eye,49,55,42,42,37,85,310
432,432_0,Purugly,Normal,,Thick Fat,Own Tempo,Defiant,71,82,64,64,59,112,452
433,433_0,Chingling,Psychic,,Levitate,,,45,30,50,65,50,45,285
434,434_0,Stunky,Poison,Dark,Stench,Aftermath,Keen Eye,63,63,47,41,41,74,329
435,435_0,Skuntank,Poison,Dark,Stench,Aftermath,Keen Eye,103,93,67,71,61,84,479
436,436_0,Bronzor,Steel,Psychic,Levitate,Heatproof,Heavy Metal,57,24,86,24,86,23,300
437,437_0,Bronzong,Steel,Psychic,Levitate,Heatproof,Heavy Metal,67,89,116,79,116,33,500
438,438_0,Bonsly,Rock,,Sturdy,Rock Head,Rattled,50,80,95,10,45,10,290
439,439_0,Mime Jr.,Psychic,Fairy,Soundproof,Filter,Technician,20,25,45,70,90,60,310
440,440_0,Happiny,Normal,,Natural Cure,Serene Grace,Friend Guard,100,5,5,15,65,30,220
441,441_0,Chatot,Normal,Flying,Keen Eye,Tangled Feet,Big Pecks,76,65,45,92,42,91,411
442,442_0,Spiritomb,Ghost,Dark,Pressure,,Infiltrator,50,92,108,92,108,35,485
443,443_0,Gible,Dragon,Ground,Sand Veil,,Rough Skin,58,70,45,40,45,42,300
444,444_0,Gabite,Dragon,Ground,Sand Veil,,Rough Skin,68,90,65,50,55,82,410
445,445_0,Garchomp,Dragon,Ground,Sand Veil,,Rough Skin,108,130,95,80,85,102,600
445,445_1,Mega Garchomp,Dragon,Ground,Sand Force,,,108,170,115,120,95,92,700
446,446_0,Munchlax,Normal,,Pickup,Thick Fat,Gluttony,135,85,40,40,85,5,390
447,447_0,Riolu,Fighting,,Steadfast,Inner Focus,Prankster,40,70,40,35,40,60,285
448,448_0,Lucario,Fighting,Steel,Steadfast,Inner Focus,Justified,70,110,70,115,70,90,525
448,448_1,Mega Lucario,Fighting,Steel,Adaptability,,,70,145,88,140,70,112,625
449,449_0,Hippopotas,Ground,,Sand Stream,,Sand Force,68,72,78,38,42,32,330
450,450_0,Hippowdon,Ground,,Sand Stream,,Sand Force,108,112,118,68,72,47,525
451,451_0,Skorupi,Poison,Bug,Battle Armor,Sniper,Keen Eye,40,50,90,30,55,65,330
452,452_0,Drapion,Poison,Dark,Battle Armor,Sniper,Keen Eye,70,90,110,60,75,95,500
453,453_0,Croagunk,Poison,Fighting,Anticipation,Dry Skin,Poison Touch,48,61,40,61,40,50,300
454,454_0,Toxicroak,Poison,Fighting,Anticipation,Dry Skin,Poison Touch,83,106,65,86,65,85,490
455,455_0,Carnivine,Grass,,Levitate,,,74,100,72,90,72,46,454
456,456_0,Finneon,Water,,Swift Swim,Storm Drain,Water Veil,49,49,56,49,61,66,330
457,457_0,Lumineon,Water,,Swift Swim,Storm Drain,Water Veil,69,69,76,69,86,91,460
458,458_0,Mantyke,Water,Flying,Swift Swim,Water Absorb,Water Veil,45,20,50,60,120,50,345
459,459_0,Snover,Grass,Ice,Snow Warning,,Soundproof,60,62,50,62,60,40,334
460,460_0,Abomasnow,Grass,Ice,Snow Warning,,Soundproof,90,92,75,92,85,60,494
460,460_1,Mega Abomasnow,Grass,Ice,Snow Warning,,,90,132,105,132,105,30,594
461,461_0,Weavile,Dark,Ice,Pressure,,Pickpocket,70,120,65,45,85,125,510
462,462_0,Magnezone,Electric,Steel,Magnet Pull,Sturdy,Analytic,70,70,115,130,90,60,535
463,463_0,Lickilicky,Normal,,Own Tempo,Oblivious,Cloud Nine,110,85,95,80,95,50,515
464,464_0,Rhyperior,Ground,Rock,Lightning Rod,Solid Rock,Reckless,115,140,130,55,55,40,535
465,465_0,Tangrowth,Grass,,Chlorophyll,Leaf Guard,Regenerator,100,100,125,110,50,50,535
466,466_0,Electivire,Electric,,Motor Drive,,Vital Spirit,75,123,67,95,85,95,540
467,467_0,Magmortar,Fire,,Flame Body,,Vital Spirit,75,95,67,125,95,83,540
468,468_0,Togekiss,Fairy,Flying,Hustle,Serene Grace,Super Luck,85,50,95,120,115,80,545
469,469_0,Yanmega,Bug,Flying,Speed Boost,Tinted Lens,Frisk,86,76,86,116,56,95,515
470,470_0,Leafeon,Grass,,Leaf Guard,,Chlorophyll,65,110,130,60,65,95,525
471,471_0,Glaceon,Ice,,Snow Cloak,,Ice Body,65,60,110,130,95,65,525
472,472_0,Gliscor,Ground,Flying,Hyper Cutter,Sand Veil,Poison Heal,75,95,125,45,75,95,510
473,473_0,Mamoswine,Ice,Ground,Oblivious,Snow Cloak,Thick Fat,110,130,80,70,60,80,530
474,474_0,Porygon-Z,Normal,,Adaptability,Download,Analytic,85,80,70,135,75,90,535
475,475_0,Gallade,Psychic,Fighting,Steadfast,Sharpness,Justified,68,125,65,65,115,80,518
475,475_1,Mega Gallade,Psychic,Fighting,Inner Focus,,,68,165,95,65,115,110,618
476,476_0,Probopass,Rock,Steel,Sturdy,Magnet Pull,Sand Force,60,55,145,75,150,40,525
477,477_0,Dusknoir,Ghost,,Pressure,,Frisk,45,100,135,65,135,45,525
478,478_0,Froslass,Ice,Ghost,Snow Cloak,,Cursed Body,70,80,70,80,70,110,480
479,479_0,Rotom,Electric,Ghost,Levitate,,,50,50,77,95,77,91,440
479,479_1,Heat Rotom,Electric,Fire,Levitate,,,50,65,107,105,107,86,520
479,479_2,Wash Rotom,Electric,Water,Levitate,,,50,65,107,105,107,86,520
479,479_3,Frost Rotom,Electric,Ice,Levitate,,,50,65,107,105,107,86,520
479,479_4,Fan Rotom,Electric,Flying,Levitate,,,50,65,107,105,107,86,520
479,479_5,Mow Rotom,Electric,Grass,Levitate,,,50,65,107,105,107,86,520
480,480_0,Uxie,Psychic,,Levitate,,,75,75,130,75,130,95,580
481,481_0,Mesprit,Psychic,,Levitate,,,80,105,105,105,105,80,580
482,482_0,Azelf,Psychic,,Levitate,,,75,125,70,125,70,115,580
483,483_0,Dialga,Steel,Dragon,Pressure,,Telepathy,100,120,120,150,100,90,680
483,483_1,Dialga Origin Form,Steel,Dragon,Pressure,,Telepathy,100,100,120,150,120,90,680
484,484_0,Palkia,Water,Dragon,Pressure,,Telepathy,90,120,100,150,120,100,680
484,484_1,Palkia Origin Form,Water,Dragon,Pressure,,Telepathy,90,100,100,150,120,120,680
485,485_0,Heatran,Fire,Steel,Flash Fire,,Flame Body,91,90,106,130,106,77,600
486,486_0,Regigigas,Normal,,Slow Start,,,110,160,110,80,110,100,670
487,487_0,Giratina,Ghost,Dragon,Pressure,,Telepathy,150,100,120,100,120,90,680
487,487_1,Giratina Origin Form,Ghost,Dragon,Levitate,,,150,120,100,120,100,90,680
488,488_0,Cresselia,Psychic,,Levitate,,,120,70,110,75,120,85,580
489,489_0,Phione,Water,,Hydration,,,80,80,80,80,80,80,480
490,490_0,Manaphy,Water,,Hydration,,,100,100,100,100,100,100,600
491,491_0,Darkrai,Dark,,Bad Dreams,,,70,90,90,135,90,125,600
492,492_0,Shaymin Land Form,Grass,,Natural Cure,,,100,100,100,100,100,100,600
492,492_1,Shaymin Sky Form,Grass,Flying,Serene Grace,,,100,103,75,120,75,127,600
493,493_0,Arceus,Normal,,Multitype,,,120,120,120,120,120,120,720
494,494_0,Victini,Psychic,Fire,Victory Star,,,100,100,100,100,100,100,600
495,495_0,Snivy,Grass,,Overgrow,,Contrary,45,45,55,45,55,63,308
496,496_0,Servine,Grass,,Overgrow,,Contrary,60,60,75,60,75,83,413
497,497_0,Serperior,Grass,,Overgrow,,Contrary,75,75,95,75,95,113,528
498,498_0,Tepig,Fire,,Blaze,,Thick Fat,65,63,45,45,45,45,308
499,499_0,Pignite,Fire,Fighting,Blaze,,Thick Fat,90,93,55,70,55,55,418
500,500_0,Emboar,Fire,Fighting,Blaze,,Reckless,110,123,65,100,65,65,528
501,501_0,Oshawott,Water,,Torrent,,Shell Armor,55,55,45,63,45,45,308
502,502_0,Dewott,Water,,Torrent,,Shell Armor,75,75,60,83,60,60,413
503,503_0,Samurott,Water,,Torrent,,Shell Armor,95,100,85,108,70,70,528
503,503_1,Hisuian Samurott,Water,Dark,Torrent,,Sharpness,90,108,80,100,65,85,528
504,504_0,Patrat,Normal,,Run Away,Keen Eye,Analytic,45,55,39,35,39,42,255
505,505_0,Watchog,Normal,,Illuminate,Keen Eye,Analytic,60,85,69,60,69,77,420
506,506_0,Lillipup,Normal,,Vital Spirit,Pickup,Run Away,45,60,45,25,45,55,275
507,507_0,Herdier,Normal,,Intimidate,Sand Rush,Scrappy,65,80,65,35,65,60,370
508,508_0,Stoutland,Normal,,Intimidate,Sand Rush,Scrappy,85,110,90,45,90,80,500
509,509_0,Purrloin,Dark,,Limber,Unburden,Prankster,41,50,37,50,37,66,281
510,510_0,Liepard,Dark,,Limber,Unburden,Prankster,64,88,50,88,50,106,446
511,511_0,Pansage,Grass,,Gluttony,,Overgrow,50,53,48,53,48,64,316
512,512_0,Simisage,Grass,,Gluttony,,Overgrow,75,98,63,98,63,101,498
513,513_0,Pansear,Fire,,Gluttony,,Blaze,50,53,48,53,48,64,316
514,514_0,Simisear,Fire,,Gluttony,,Blaze,75,98,63,98,63,101,498
515,515_0,Panpour,Water,,Gluttony,,Torrent,50,53,48,53,48,64,316
516,516_0,Simipour,Water,,Gluttony,,Torrent,75,98,63,98,63,101,498
517,517_0,Munna,Psychic,,Forewarn,Synchronize,Telepathy,76,25,45,67,55,24,292
518,518_0,Musharna,Psychic,,Forewarn,Synchronize,Telepathy,116,55,85,107,95,29,487
519,519_0,Pidove,Normal,Flying,Big Pecks,Super Luck,Rivalry,50,55,50,36,30,43,264
520,520_0,Tranquill,Normal,Flying,Big Pecks,Super Luck,Rivalry,62,77,62,50,42,65,358
521,521_0,Unfezant,Normal,Flying,Big Pecks,Super Luck,Rivalry,80,115,80,65,55,93,488
522,522_0,Blitzle,Electric,,Lightning Rod,Motor Drive,Sap Sipper,45,60,32,50,32,76,295
523,523_0,Zebstrika,Electric,,Lightning Rod,Motor Drive,Sap Sipper,75,100,63,80,63,116,497
524,524_0,Roggenrola,Rock,,Sturdy,Weak Armor,Sand Force,55,75,85,25,25,15,280
525,525_0,Boldore,Rock,,Sturdy,Weak Armor,Sand Force,70,105,105,50,40,20,390
526,526_0,Gigalith,Rock,,Sturdy,Sand Stream,Sand Force,85,135,130,60,80,25,515
527,527_0,Woobat,Psychic,Flying,Unaware,Klutz,Simple,65,45,43,55,43,72,323
528,528_0,Swoobat,Psychic,Flying,Unaware,Klutz,Simple,67,57,55,77,55,114,425
529,529_0,Drilbur,Ground,,Sand Rush,Sand Force,Mold Breaker,60,85,40,30,45,68,328
530,530_0,Excadrill,Ground,Steel,Sand Rush,Sand Force,Mold Breaker,110,135,60,50,65,88,508
531,531_0,Audino,Normal,,Healer,Regenerator,Klutz,103,60,86,60,86,50,445
531,531_1,Mega Audino,Normal,Fairy,Healer,,,103,60,126,80,126,50,545
532,532_0,Timburr,Fighting,,Guts,Sheer Force,Iron Fist,75,80,55,25,35,35,305
533,533_0,Gurdurr,Fighting,,Guts,Sheer Force,Iron Fist,85,105,85,40,50,40,405
534,534_0,Conkeldurr,Fighting,,Guts,Sheer Force,Iron Fist,105,140,95,55,65,45,505
535,535_0,Tympole,Water,,Swift Swim,Hydration,Water Absorb,50,50,40,50,40,64,294
536,536_0,Palpitoad,Water,Ground,Swift Swim,Hydration,Water Absorb,75,65,55,65,55,69,384
537,537_0,Seismitoad,Water,Ground,Swift Swim,Poison Touch,Water Absorb,105,95,75,85,75,74,509
538,538_0,Throh,Fighting,,Guts,Inner Focus,Mold Breaker,120,100,85,30,85,45,465
539,539_0,Sawk,Fighting,,Sturdy,Inner Focus,Mold Breaker,75,125,75,30,75,85,465
540,540_0,Sewaddle,Bug,Grass,Swarm,Chlorophyll,Overcoat,45,53,70,40,60,42,310
541,541_0,Swadloon,Bug,Grass,Leaf Guard,Chlorophyll,Overcoat,55,63,90,50,80,42,380
542,542_0,Leavanny,Bug,Grass,Swarm,Chlorophyll,Overcoat,75,103,80,70,80,92,500
543,543_0,Venipede,Bug,Poison,Poison Point,Swarm,Speed Boost,30,45,59,30,39,57,260
544,544_0,Whirlipede,Bug,Poison,Poison Point,Swarm,Speed Boost,40,55,99,40,79,47,360
545,545_0,Scolipede,Bug,Poison,Poison Point,Swarm,Speed Boost,60,100,89,55,69,112,485
546,546_0,Cottonee,Grass,Fairy,Prankster,Infiltrator,Chlorophyll,40,27,60,37,50,66,280
547,547_0,Whimsicott,Grass,Fairy,Prankster,Infiltrator,Chlorophyll,60,67,85,77,75,116,480
548,548_0,Petilil,Grass,,Chlorophyll,Own Tempo,Leaf Guard,45,35,50,70,50,30,280
549,549_0,Lilligant,Grass,,Chlorophyll,Own Tempo,Leaf Guard,70,60,75,110,75,90,480
549,549_1,Hisuian Lilligant,Grass,Fighting,Chlorophyll,Hustle,Leaf Guard,70,105,75,50,75,105,480
550,550_0,Basculin Red Stripe,Water,,Reckless,Adaptability,Mold Breaker,70,92,65,80,55,98,460
550,550_1,Basculin Blue Stripe,Water,,Rock Head,Adaptability,Mold Breaker,70,92,65,80,55,98,460
550,550_2,Hisuian Basculin,Water,,Rattled,Adaptability,Mold Breaker,70,92,65,80,55,98,460
551,551_0,Sandile,Ground,Dark,Intimidate,Moxie,Anger Point,50,72,35,35,35,65,292
552,552_0,Krokorok,Ground,Dark,Intimidate,Moxie,Anger Point,60,82,45,45,45,74,351
553,553_0,Krookodile,Ground,Dark,Intimidate,Moxie,Anger Point,95,117,80,65,70,92,519
554,554_0,Darumaka,Fire,,Hustle,,Inner Focus,70,90,45,15,45,50,315
554,554_1,Galarian Darumaka,Ice,,Hustle,,Inner Focus,70,90,45,15,45,50,315
555,555_0,Darmanitan,Fire,,Sheer Force,,Zen Mode,105,140,55,30,55,95,480
555,555_1,Darmanitan Zen-Mode,Fire,Psychic,Sheer Force,,Zen Mode,105,30,105,140,105,55,540
555,555_2,Galarian Darmanitan,Ice,,Gorilla Tactics,,Zen Mode,105,140,55,30,55,95,480
555,555_3,Galarian Darmanitan Zen-Mode,Ice,Fire,Gorilla Tactics,,Zen Mode,105,160,55,30,55,135,540
556,556_0,Maractus,Grass,,Water Absorb,Chlorophyll,Storm Drain,75,86,67,106,67,60,461
557,557_0,Dwebble,Bug,Rock,Sturdy,Shell Armor,Weak Armor,50,65,85,35,35,55,325
558,558_0,Crustle,Bug,Rock,Sturdy,Shell Armor,Weak Armor,70,105,125,65,75,45,485
559,559_0,Scraggy,Dark,Fighting,Shed Skin,Moxie,Intimidate,50,75,70,35,70,48,348
560,560_0,Scrafty,Dark,Fighting,Shed Skin,Moxie,Intimidate,65,90,115,45,115,58,488
561,561_0,Sigilyph,Psychic,Flying,Wonder Skin,Magic Guard,Tinted Lens,72,58,80,103,80,97,490
562,562_0,Yamask,Ghost,,Mummy,,,38,30,85,55,65,30,303
562,562_1,Galarian Yamask,Ground,Ghost,Wandering Spirit,,,38,55,85,30,65,30,303
563,563_0,Cofagrigus,Ghost,,Mummy,,,58,50,145,95,105,30,483
564,564_0,Tirtouga,Water,Rock,Solid Rock,Sturdy,Swift Swim,54,78,103,53,45,22,355
565,565_0,Carracosta,Water,Rock,Solid Rock,Sturdy,Swift Swim,74,108,133,83,65,32,495
566,566_0,Archen,Rock,Flying,Defeatist,,,55,112,45,74,45,70,401
567,567_0,Archeops,Rock,Flying,Defeatist,,,75,140,65,112,65,110,567
568,568_0,Trubbish,Poison,,Stench,Sticky Hold,Aftermath,50,50,62,40,62,65,329
569,569_0,Garbodor,Poison,,Stench,Weak Armor,Aftermath,80,95,82,60,82,75,474
570,570_0,Zorua,Dark,,Illusion,,,40,65,40,80,40,65,330
570,570_1,Hisuian Zorua,Normal,Ghost,Illusion,,,35,60,40,85,40,70,330
571,571_0,Zoroark,Dark,,Illusion,,,60,105,60,120,60,105,510
571,571_1,Hisuian Zoroark,Normal,Ghost,Illusion,,,60,105,60,120,60,105,510
572,572_0,Minccino,Normal,,Cute Charm,Technician,Skill Link,55,50,40,40,40,75,300
573,573_0,Cinccino,Normal,,Cute Charm,Technician,Skill Link,75,95,60,65,60,115,470
574,574_0,Gothita,Psychic,,Frisk,Competitive,Shadow Tag,45,30,50,55,65,45,290
575,575_0,Gothorita,Psychic,,Frisk,Competitive,Shadow Tag,60,45,70,75,85,55,390
576,576_0,Gothitelle,Psychic,,Frisk,Competitive,Shadow Tag,70,55,95,95,110,65,490
577,577_0,Solosis,Psychic,,Overcoat,Magic Guard,Regenerator,45,30,40,105,50,20,290
578,578_0,Duosion,Psychic,,Overcoat,Magic Guard,Regenerator,65,40,50,125,60,30,370
579,579_0,Reuniclus,Psychic,,Overcoat,Magic Guard,Regenerator,110,65,75,125,85,30,490
580,580_0,Ducklett,Water,Flying,Keen Eye,Big Pecks,Hydration,62,44,50,44,50,55,305
581,581_0,Swanna,Water,Flying,Keen Eye,Big Pecks,Hydration,75,87,63,87,63,98,473
582,582_0,Vanillite,Ice,,Ice Body,Snow Cloak,Weak Armor,36,50,50,65,60,44,305
583,583_0,Vanillish,Ice,,Ice Body,Snow Cloak,Weak Armor,51,65,65,80,75,59,395
584,584_0,Vanilluxe,Ice,,Ice Body,Snow Warning,Weak Armor,71,95,85,110,95,79,535
585,585_0,Deerling Spring Form,Normal,Grass,Chlorophyll,Sap Sipper,Serene Grace,60,60,50,40,50,75,335
585,585_1,Deerling Summer Form,Normal,Grass,Chlorophyll,Sap Sipper,Serene Grace,60,60,50,40,50,75,335
585,585_2,Deerling Autumn Form,Normal,Grass,Chlorophyll,Sap Sipper,Serene Grace,60,60,50,40,50,75,335
585,585_3,Deerling Winter Form,Normal,Grass,Chlorophyll,Sap Sipper,Serene Grace,60,60,50,40,50,75,335
586,586_0,Sawsbuck,Normal,Grass,Chlorophyll,Sap Sipper,Serene Grace,80,100,70,60,70,95,475
587,587_0,Emolga,Electric,Flying,Static,,Motor Drive,55,75,60,75,60,103,428
588,588_0,Karrablast,Bug,,Swarm,Shed Skin,No Guard,50,75,45,40,45,60,315
589,589_0,Escavalier,Bug,Steel,Swarm,Shell Armor,Overcoat,70,135,105,60,105,20,495
590,590_0,Foongus,Grass,Poison,Effect Spore,,Regenerator,69,55,45,55,55,15,294
591,591_0,Amoonguss,Grass,Poison,Effect Spore,,Regenerator,114,85,70,85,80,30,464
592,592_0,Frillish,Water,Ghost,Water Absorb,Cursed Body,Damp,55,40,50,65,85,40,335
593,593_0,Jellicent,Water,Ghost,Water Absorb,Cursed Body,Damp,100,60,70,85,105,60,480
594,594_0,Alomomola,Water,,Healer,Hydration,Regenerator,165,75,80,40,45,65,470
595,595_0,Joltik,Bug,Electric,Compound Eyes,Unnerve,Swarm,50,47,50,57,50,65,319
596,596_0,Galvantula,Bug,Electric,Compound Eyes,Unnerve,Swarm,70,77,60,97,60,108,472
597,597_0,Ferroseed,Grass,Steel,Iron Barbs,,,44,50,91,24,86,10,305
598,598_0,Ferrothorn,Grass,Steel,Iron Barbs,,Anticipation,74,94,131,54,116,20,489
599,599_0,Klink,Steel,,Plus,Minus,Clear Body,40,55,70,45,60,30,300
600,600_0,Klang,Steel,,Plus,Minus,Clear Body,60,80,95,70,85,50,440
601,601_0,Klinklang,Steel,,Plus,Minus,Clear Body,60,100,115,70,85,90,520
602,602_0,Tynamo,Electric,,Levitate,,,35,55,40,45,40,60,275
603,603_0,Eelektrik,Electric,,Levitate,,,65,85,70,75,70,40,405
604,604_0,Eelektross,Electric,,Levitate,,,85,115,80,105,80,50,515
605,605_0,Elgyem,Psychic,,Telepathy,Synchronize,Analytic,55,55,55,85,55,30,335
606,606_0,Beheeyem,Psychic,,Telepathy,Synchronize,Analytic,75,75,75,125,95,40,485
607,607_0,Litwick,Ghost,Fire,Flash Fire,Flame Body,Infiltrator,50,30,55,65,55,20,275
608,608_0,Lampent,Ghost,Fire,Flash Fire,Flame Body,Infiltrator,60,40,60,95,60,55,370
609,609_0,Chandelure,Ghost,Fire,Flash Fire,Flame Body,Infiltrator,60,55,90,145,90,80,520
610,610_0,Axew,Dragon,,Rivalry,Mold Breaker,Unnerve,46,87,60,30,40,57,320
611,611_0,Fraxure,Dragon,,Rivalry,Mold Breaker,Unnerve,66,117,70,40,50,67,410
612,612_0,Haxorus,Dragon,,Rivalry,Mold Breaker,Unnerve,76,147,90,60,70,97,540
613,613_0,Cubchoo,Ice,,Snow Cloak,Slush Rush,Rattled,55,70,40,60,40,40,305
614,614_0,Beartic,Ice,,Snow Cloak,Slush Rush,Swift Swim,95,130,80,70,80,50,505
615,615_0,Cryogonal,Ice,,Levitate,,,80,50,50,95,135,105,515
616,616_0,Shelmet,Bug,,Hydration,Shell Armor,Overcoat,50,40,85,40,65,25,305
617,617_0,Accelgor,Bug,,Hydration,Sticky Hold,Unburden,80,70,40,100,60,145,495
618,618_0,Stunfisk,Ground,Electric,Static,Limber,Sand Veil,109,66,84,81,99,32,471
618,618_1,Galarian Stunfisk,Ground,Steel,Mimicry,,,109,81,99,66,84,32,471
619,619_0,Mienfoo,Fighting,,Inner Focus,Regenerator,Reckless,45,85,50,55,50,65,350
620,620_0,Mienshao,Fighting,,Inner Focus,Regenerator,Reckless,65,125,60,95,60,105,510
621,621_0,Druddigon,Dragon,,Rough Skin,Sheer Force,Mold Breaker,77,120,90,60,90,48,485
622,622_0,Golett,Ground,Ghost,Iron Fist,Klutz,No Guard,59,74,50,35,50,35,303
623,623_0,Golurk,Ground,Ghost,Iron Fist,Klutz,No Guard,89,124,80,55,80,55,483
624,624_0,Pawniard,Dark,Steel,Defiant,Inner Focus,Pressure,45,85,70,40,40,60,340
625,625_0,Bisharp,Dark,Steel,Defiant,Inner Focus,Pressure,65,125,100,60,70,70,490
626,626_0,Bouffalant,Normal,,Reckless,Sap Sipper,Soundproof,95,110,95,40,95,55,490
627,627_0,Rufflet,Normal,Flying,Keen Eye,Sheer Force,Hustle,70,83,50,37,50,60,350
628,628_0,Braviary,Normal,Flying,Keen Eye,Sheer Force,Defiant,100,123,75,57,75,80,510
628,628_1,Hisuian Braviary,Psychic,Flying,Keen Eye,Sheer Force,Tinted Lens,110,83,70,112,70,65,510
629,629_0,Vullaby,Dark,Flying,Big Pecks,Overcoat,Weak Armor,70,55,75,45,65,60,370
630,630_0,Mandibuzz,Dark,Flying,Big Pecks,Overcoat,Weak Armor,110,65,105,55,95,80,510
631,631_0,Heatmor,Fire,,Gluttony,Flash Fire,White Smoke,85,97,66,105,66,65,484
632,632_0,Durant,Bug,Steel,Swarm,Hustle,Truant,58,109,112,48,48,109,484
633,633_0,Deino,Dark,Dragon,Hustle,,,52,65,50,45,50,38,300
634,634_0,Zweilous,Dark,Dragon,Hustle,,,72,85,70,65,70,58,420
635,635_0,Hydreigon,Dark,Dragon,Levitate,,,92,105,90,125,90,98,600
636,636_0,Larvesta,Bug,Fire,Flame Body,,Swarm,55,85,55,50,55,60,360
637,637_0,Volcarona,Bug,Fire,Flame Body,,Swarm,85,60,65,135,105,100,550
638,638_0,Cobalion,Steel,Fighting,Justified,,,91,90,129,90,72,108,580
639,639_0,Terrakion,Rock,Fighting,Justified,,,91,129,90,72,90,108,580
640,640_0,Virizion,Grass,Fighting,Justified,,,91,90,72,90,129,108,580
641,641_0,Tornadus Incarnate Form,Flying,,Prankster,,Defiant,79,115,70,125,80,111,580
641,641_1,Tornadus Therian Form,Flying,,Regenerator,,,79,100,80,110,90,121,580
642,642_0,Thundurus Incarnate Form,Electric,Flying,Prankster,,Defiant,79,115,70,125,80,111,580
642,642_1,Thundurus Therian Form,Electric,Flying,Volt Absorb,,,79,105,70,145,80,101,580
643,643_0,Reshiram,Dragon,Fire,Turboblaze,,,100,120,100,150,120,90,680
644,644_0,Zekrom,Dragon,Electric,Teravolt,,,100,150,120,120,100,90,680
645,645_0,Landorus Incarnate Form,Ground,Flying,Sand Force,,Sheer Force,89,125,90,115,80,101,600
645,645_1,Landorus Therian Form,Ground,Flying,Intimidate,,,89,145,90,105,80,91,600
646,646_0,Kyurem,Dragon,Ice,Pressure,,,125,130,90,130,90,95,660
646,646_1,White Kyurem,Dragon,Ice,Turboblaze,,,125,120,90,170,100,95,700
646,646_2,Black Kyurem,Dragon,Ice,Teravolt,,,125,170,100,120,90,95,700
647,647_0,Keldeo Ordinary Form,Water,Fighting,Justified,,,91,72,90,129,90,108,580
647,647_1,Keldeo Resolute Form,Water,Fighting,Justified,,,91,72,90,129,90,108,580
648,648_0,Meloetta Aria Form,Normal,Psychic,Serene Grace,,,100,77,77,128,128,90,600
648,648_1,Meloetta Pirouette Form,Normal,Fighting,Serene Grace,,,100,128,90,77,77,128,600
649,649_0,Genesect,Bug,Steel,Download,,,71,120,95,120,95,99,600
650,650_0,Chespin,Grass,,Overgrow,,Bulletproof,56,61,65,48,45,38,313
651,651_0,Quilladin,Grass,,Overgrow,,Bulletproof,61,78,95,56,58,57,405
652,652_0,Chesnaught,Grass,Fighting,Overgrow,,Bulletproof,88,107,122,74,75,64,530
653,653_0,Fennekin,Fire,,Blaze,,Magician,40,45,40,62,60,60,307
654,654_0,Braixen,Fire,,Blaze,,Magician,59,59,58,90,70,73,409
655,655_0,Delphox,Fire,Psychic,Blaze,,Magician,75,69,72,114,100,104,534
656,656_0,Froakie,Water,,Torrent,,Protean,41,56,40,62,44,71,314
657,657_0,Frogadier,Water,,Torrent,,Protean,54,63,52,83,56,97,405
658,658_0,Greninja,Water,Dark,Torrent,,Protean,72,95,67,103,71,122,530
658,658_1,Ash Greninja,Water,Dark,Battle Bond,,,72,145,67,153,71,132,640
659,659_0,Bunnelby,Normal,,Pickup,Cheek Pouch,Huge Power,38,36,38,32,36,57,237
660,660_0,Diggersby,Normal,Ground,Pickup,Cheek Pouch,Huge Power,85,56,77,50,77,78,423
661,661_0,Fletchling,Normal,Flying,Big Pecks,,Gale Wings,45,50,43,40,38,62,278
662,662_0,Fletchinder,Fire,Flying,Flame Body,,Gale Wings,62,73,55,56,52,84,382
663,663_0,Talonflame,Fire,Flying,Flame Body,,Gale Wings,78,81,71,74,69,126,499
664,664_0,Scatterbug,Bug,,Shield Dust,Compound Eyes,Friend Guard,38,35,40,27,25,35,200
665,665_0,Spewpa,Bug,,Shed Skin,,Friend Guard,45,22,60,27,30,29,213
666,666_0,Vivillon,Bug,Flying,Shield Dust,Compound Eyes,Friend Guard,80,52,50,90,50,89,411
667,667_0,Litleo,Fire,Normal,Rivalry,Unnerve,Moxie,62,50,58,73,54,72,369
668,668_0,Pyroar,Fire,Normal,Rivalry,Unnerve,Moxie,86,68,72,109,66,106,507
669,669_0,Flabebe,Fairy,,Flower Veil,,Symbiosis,44,38,39,61,79,42,303
670,670_0,Floette,Fairy,,Flower Veil,,Symbiosis,54,45,47,75,98,52,371
671,671_0,Florges,Fairy,,Flower Veil,,Symbiosis,78,65,68,112,154,75,552
672,672_0,Skiddo,Grass,,Sap Sipper,,Grass Pelt,66,65,48,62,57,52,350
673,673_0,Gogoat,Grass,,Sap Sipper,,Grass Pelt,123,100,62,97,81,68,531
674,674_0,Pancham,Fighting,,Iron Fist,Mold Breaker,Scrappy,67,82,62,46,48,43,348
675,675_0,Pangoro,Fighting,Dark,Iron Fist,Mold Breaker,Scrappy,95,124,78,69,71,58,495
676,676_0,Furfrou,Normal,,Fur Coat,,,75,80,60,65,90,102,472
677,677_0,Espurr,Psychic,,Keen Eye,Infiltrator,Own Tempo,62,48,54,63,60,68,355
678,678_0,Meowstic Male,Psychic,,Keen Eye,Infiltrator,Prankster,74,48,76,83,81,104,466
678,678_1,Meowstic Female,Psychic,,Keen Eye,Infiltrator,Competitive,74,48,76,83,81,104,466
679,679_0,Honedge,Steel,Ghost,No Guard,,,45,80,100,35,37,28,325
680,680_0,Doublade,Steel,Ghost,No Guard,,,59,110,150,45,49,35,448
681,681_0,Aegislash Shield Form,Steel,Ghost,Stance Change,,,60,50,140,50,140,60,500
681,681_1,Aegislash Blade Form,Steel,Ghost,Stance Change,,,60,140,50,140,50,60,500
682,682_0,Spritzee,Fairy,,Healer,,Aroma Veil,78,52,60,63,65,23,341
683,683_0,Aromatisse,Fairy,,Healer,,Aroma Veil,101,72,72,99,89,29,462
684,684_0,Swirlix,Fairy,,Sweet Veil,,Unburden,62,48,66,59,57,49,341
685,685_0,Slurpuff,Fairy,,Sweet Veil,,Unburden,82,80,86,85,75,72,480
686,686_0,Inkay,Dark,Psychic,Contrary,Suction Cups,Infiltrator,53,54,53,37,46,45,288
687,687_0,Malamar,Dark,Psychic,Contrary,Suction Cups,Infiltrator,86,92,88,68,75,73,482
688,688_0,Binacle,Rock,Water,Tough Claws,Sniper,Pickpocket,42,52,67,39,56,50,306
689,689_0,Barbaracle,Rock,Water,Tough Claws,Sniper,Pickpocket,72,105,115,54,86,68,500
690,690_0,Skrelp,Poison,Water,Poison Point,Poison Touch,Adaptability,50,60,60,60,60,30,320
691,691_0,Dragalge,Poison,Dragon,Poison Point,Poison Touch,Adaptability,65,75,90,97,123,44,494
692,692_0,Clauncher,Water,,Mega Launcher,,,50,53,62,58,63,44,330
693,693_0,Clawitzer,Water,,Mega Launcher,,,71,73,88,120,89,59,500
694,694_0,Helioptile,Electric,Normal,Dry Skin,Sand Veil,Solar Power,44,38,33,61,43,70,289
695,695_0,Heliolisk,Electric,Normal,Dry Skin,Sand Veil,Solar Power,62,55,52,109,94,109,481
696,696_0,Tyrunt,Rock,Dragon,Strong Jaw,,Sturdy,58,89,77,45,45,48,362
697,697_0,Tyrantrum,Rock,Dragon,Strong Jaw,,Rock Head,82,121,119,69,59,71,521
698,698_0,Amaura,Rock,Ice,Refrigerate,,Snow Warning,77,59,50,67,63,46,362
699,699_0,Aurorus,Rock,Ice,Refrigerate,,Snow Warning,123,77,72,99,92,58,521
700,700_0,Sylveon,Fairy,,Cute Charm,,Pixilate,95,65,65,110,130,60,525
701,701_0,Hawlucha,Fighting,Flying,Limber,Unburden,Mold Breaker,78,92,75,74,63,118,500
702,702_0,Dedenne,Electric,Fairy,Cheek Pouch,Pickup,Plus,67,58,57,81,67,101,431
703,703_0,Carbink,Rock,Fairy,Clear Body,,Sturdy,50,50,150,50,150,50,500
704,704_0,Goomy,Dragon,,Sap Sipper,Hydration,Gooey,45,50,35,55,75,40,300
705,705_0,Sliggoo,Dragon,,Sap Sipper,Hydration,Gooey,68,75,53,83,113,60,452
705,705_1,Hisuian Sliggoo,Steel,Dragon,Sap Sipper,Shell Armor,Gooey,58,75,83,83,113,40,452
706,706_0,Goodra,Dragon,,Sap Sipper,Hydration,Gooey,90,100,70,110,150,80,600
706,706_1,Hisuian Goodra,Steel,Dragon,Sap Sipper,Shell Armor,Gooey,80,100,100,110,150,60,600
707,707_0,Klefki,Steel,Fairy,Prankster,,Magician,57,80,91,80,87,75,470
708,708_0,Phantump,Ghost,Grass,Natural Cure,Frisk,Harvest,43,70,48,50,60,38,309
709,709_0,Trevenant,Ghost,Grass,Natural Cure,Frisk,Harvest,85,110,76,65,82,56,474
710,710_0,Pumpkaboo Small,Ghost,Grass,Pickup,Frisk,Insomnia,49,66,70,44,55,51,335
710,710_1,Pumpkaboo Average,Ghost,Grass,Pickup,Frisk,Insomnia,44,66,70,44,55,56,335
710,710_2,Pumpkaboo Large,Ghost,Grass,Pickup,Frisk,Insomnia,54,66,70,44,55,46,335
710,710_3,Pumpkaboo Super,Ghost,Grass,Pickup,Frisk,Insomnia,59,66,70,44,55,41,335
711,711_0,Gourgeist Small,Ghost,Grass,Pickup,Frisk,Insomnia,65,90,122,58,75,84,494
711,711_1,Gourgeist Average,Ghost,Grass,Pickup,Frisk,Insomnia,55,85,122,58,75,99,494
711,711_2,Gourgeist Large,Ghost,Grass,Pickup,Frisk,Insomnia,75,95,122,58,75,69,494
711,711_3,Gourgeist Super,Ghost,Grass,Pickup,Frisk,Insomnia,85,100,122,58,75,54,494
712,712_0,Bergmite,Ice,,Own Tempo,Ice Body,Sturdy,55,69,85,32,35,28,304
713,713_0,Avalugg,Ice,,Own Tempo,Ice Body,Sturdy,95,117,184,44,46,28,514
713,713_1,Hisuian Avalugg,Ice,Rock,Strong Jaw,Ice Body,Sturdy,95,127,184,34,36,38,514
714,714_0,Noibat,Flying,Dragon,Frisk,Infiltrator,Telepathy,40,30,35,45,40,55,245
715,715_0,Noivern,Flying,Dragon,Frisk,Infiltrator,Telepathy,85,70,80,97,80,123,535
716,716_0,Xerneas,Fairy,,Fairy Aura,,,126,131,95,131,98,99,680
717,717_0,Yveltal,Dark,Flying,Dark Aura,,,126,131,95,131,98,99,680
718,718_0,Zygarde 50% Form,Dragon,Ground,Aura Break,,,108,100,121,81,95,95,600
718,718_1,Zygarde 10% Form,Dragon,Ground,Aura Break,,,54,100,71,61,85,115,486
718,718_2,Zygarde Complete Form,Dragon,Ground,Power Construct,,,216,100,121,91,95,85,708
719,719_0,Diancie,Rock,Fairy,Clear Body,,,50,100,150,100,150,50,600
719,719_1,Mega Diancie,Rock,Fairy,Magic Bounce,,,50,160,110,160,110,110,700
720,720_0,Confined Hoopa,Psychic,Ghost,Magician,,,80,110,60,150,130,70,600
720,720_1,Unbound Hoopa,Psychic,Dark,Magician,,,80,160,60,170,130,80,680
721,721_0,Volcanion,Fire,Water,Water Absorb,,,80,110,120,130,90,70,600
722,722_0,Rowlet,Grass,Flying,Overgrow,,Long Reach,68,55,55,50,50,42,320
723,723_0,Dartrix,Grass,Flying,Overgrow,,Long Reach,78,75,75,70,70,52,420
724,724_0,Decidueye,Grass,Ghost,Overgrow,,Long Reach,78,107,75,100,100,70,530
724,724_1,Hisuian Decidueye,Grass,Fighting,Overgrow,,Scrappy,88,112,80,95,95,60,530
725,725_0,Litten,Fire,,Blaze,,Intimidate,45,65,40,60,40,70,320
726,726_0,Torracat,Fire,,Blaze,,Intimidate,65,85,50,80,50,90,420
727,727_0,Incineroar,Fire,Dark,Blaze,,Intimidate,95,115,90,80,90,60,530
728,728_0,Popplio,Water,,Torrent,,Liquid Voice,50,54,54,66,56,40,320
729,729_0,Brionne,Water,,Torrent,,Liquid Voice,60,69,69,91,81,50,420
730,730_0,Primarina,Water,Fairy,Torrent,,Liquid Voice,80,74,74,126,116,60,530
731,731_0,Pikipek,Normal,Flying,Keen Eye,Skill Link,Pickup,35,75,30,30,30,65,265
732,732_0,Trumbeak,Normal,Flying,Keen Eye,Skill Link,Pickup,55,85,50,40,50,75,355
733,733_0,Toucannon,Normal,Flying,Keen Eye,Skill Link,Sheer Force,80,120,75,75,75,60,485
734,734_0,Yungoos,Normal,,Stakeout,Strong Jaw,Adaptability,48,70,30,30,30,45,253
735,735_0,Gumshoos,Normal,,Stakeout,Strong Jaw,Adaptability,88,110,60,55,60,45,418
736,736_0,Grubbin,Bug,,Swarm,,,47,62,45,55,45,46,300
737,737_0,Charjabug,Bug,Electric,Battery,,,57,82,95,55,75,36,400
738,738_0,Vikavolt,Bug,Electric,Levitate,,,77,70,90,145,75,43,500
739,739_0,Crabrawler,Fighting,,Hyper Cutter,Iron Fist,Anger Point,47,82,57,42,47,63,338
740,740_0,Crabominable,Fighting,Ice,Hyper Cutter,Iron Fist,Anger Point,97,132,77,62,67,43,478
741,741_0,Oricorio Baile Style,Fire,Flying,Dancer,,,75,70,70,98,70,93,476
741,741_1,Oricorio Pom-Pom Style,Electric,Flying,Dancer,,,75,70,70,98,70,93,476
741,741_2,Oricorio Pa'u Style,Psychic,Flying,Dancer,,,75,70,70,98,70,93,476
741,741_3,Oricorio Sensu Style,Ghost,Flying,Dancer,,,75,70,70,98,70,93,476
742,742_0,Cutiefly,Bug,Fairy,Honey Gather,Shield Dust,Sweet Veil,40,45,40,55,40,84,304
743,743_0,Ribombee,Bug,Fairy,Honey Gather,Shield Dust,Sweet Veil,60,55,60,95,70,124,464
744,744_0,Rockruff,Rock,,Keen Eye,Vital Spirit,Steadfast,45,65,40,30,40,60,280
745,745_0,Lycanroc Midday Form,Rock,,Keen Eye,Sand Rush,Steadfast,75,115,65,55,65,112,487
745,745_1,Lycanroc Midnight Form,Rock,,Keen Eye,Vital Spirit,No Guard,85,115,75,55,75,82,487
745,745_2,Lycanroc Dusk Form,Rock,,Tough Claws,,,75,117,65,55,65,110,487
746,746_0,Wishiwashi Solo Form,Water,,Schooling,,,45,20,20,25,25,40,175
746,746_1,Wishiwashi School Form,Water,,Schooling,,,45,140,130,140,135,30,620
747,747_0,Mareanie,Poison,Water,Merciless,Limber,Regenerator,50,53,62,43,52,45,305
748,748_0,Toxapex,Poison,Water,Merciless,Limber,Regenerator,50,63,152,53,142,35,495
749,749_0,Mudbray,Ground,,Own Tempo,Stamina,Inner Focus,70,100,70,45,55,45,385
750,750_0,Mudsdale,Ground,,Own Tempo,Stamina,Inner Focus,100,125,100,55,85,35,500
751,751_0,Dewpider,Water,Bug,Water Bubble,,Water Absorb,38,40,52,40,72,27,269
752,752_0,Araquanid,Water,Bug,Water Bubble,,Water Absorb,68,70,92,50,132,42,454
753,753_0,Fomantis,Grass,,Leaf Guard,,Contrary,40,55,35,50,35,35,250
754,754_0,Lurantis,Grass,,Leaf Guard,,Contrary,70,105,90,80,90,45,480
755,755_0,Morelull,Grass,Fairy,Illuminate,Effect Spore,Rain Dish,40,35,55,65,75,15,285
756,756_0,Shiinotic,Grass,Fairy,Illuminate,Effect Spore,Rain Dish,60,45,80,90,100,30,405
757,757_0,Salandit,Poison,Fire,Corrosion,,Oblivious,48,44,40,71,40,77,320
758,758_0,Salazzle,Poison,Fire,Corrosion,,Oblivious,68,64,60,111,60,117,480
759,759_0,Stufful,Normal,Fighting,Fluffy,Klutz,Cute Charm,70,75,50,45,50,50,340
760,760_0,Bewear,Normal,Fighting,Fluffy,Klutz,Unnerve,120,125,80,55,60,60,500
761,761_0,Bounsweet,Grass,,Leaf Guard,Oblivious,Sweet Veil,42,30,38,30,38,32,210
762,762_0,Steenee,Grass,,Leaf Guard,Oblivious,Sweet Veil,52,40,48,40,48,62,290
763,763_0,Tsareena,Grass,,Leaf Guard,Queenly Majesty,Sweet Veil,72,120,98,50,98,72,510
764,764_0,Comfey,Fairy,,Flower Veil,Triage,Natural Cure,51,52,90,82,110,100,485
765,765_0,Oranguru,Normal,Psychic,Inner Focus,Telepathy,Symbiosis,90,60,80,90,110,60,490
766,766_0,Passimian,Fighting,,Receiver,,Defiant,100,120,90,40,60,80,490
767,767_0,Wimpod,Bug,Water,Wimp Out,,,25,35,40,20,30,80,230
768,768_0,Golisopod,Bug,Water,Emergency Exit,,,75,125,140,60,90,40,530
769,769_0,Sandygast,Ghost,Ground,Water Compaction,,Sand Veil,55,55,80,70,45,15,320
770,770_0,Palossand,Ghost,Ground,Water Compaction,,Sand Veil,85,75,110,100,75,35,480
771,771_0,Pyukumuku,Water,,Innards Out,,Unaware,55,60,130,30,130,5,410
772,772_0,Type: Null,Normal,,Battle Armor,,,95,95,95,95,95,59,534
773,773_0,Silvally,Normal,,RKS System,,,95,95,95,95,95,95,570
774,774_0,Minior Meteor Form,Rock,Flying,Shields Down,,,60,60,100,60,100,60,440
774,774_1,Minior Red Core,Rock,Flying,Shields Down,,,60,100,60,100,60,120,500
774,774_2,Minior Orange Core,Rock,Flying,Shields Down,,,60,100,60,100,60,120,500
774,774_3,Minior Yellow Core,Rock,Flying,Shields Down,,,60,100,60,100,60,120,500
774,774_4,Minior Green Core,Rock,Flying,Shields Down,,,60,100,60,100,60,120,500
774,774_5,Minior Blue Core,Rock,Flying,Shields Down,,,60,100,60,100,60,120,500
774,774_6,Minior Indigo Core,Rock,Flying,Shields Down,,,60,100,60,100,60,120,500
774,774_7,Minior Purple Core,Rock,Flying,Shields Down,,,60,100,60,100,60,120,500
775,775_0,Komala,Normal,,Comatose,,,65,115,65,75,95,65,480
776,776_0,Turtonator,Fire,Dragon,Shell Armor,,,60,78,135,91,85,36,485
777,777_0,Togedemaru,Electric,Steel,Iron Barbs,Lightning Rod,Sturdy,65,98,63,40,73,96,435
778,778_0,Mimikyu,Ghost,Fairy,Disguise,,,55,90,80,50,105,96,476
779,779_0,Bruxish,Water,Psychic,Dazzling,Strong Jaw,Wonder Skin,68,105,70,70,70,92,475
780,780_0,Drampa,Normal,Dragon,Berserk,Sap Sipper,Cloud Nine,78,60,85,135,91,36,485
781,781_0,Dhelmise,Ghost,Grass,Steelworker,,,70,131,100,86,90,40,517
782,782_0,Jangmo-o,Dragon,,Bulletproof,Soundproof,Overcoat,45,55,65,45,45,45,300
783,783_0,Hakamo-o,Dragon,Fighting,Bulletproof,Soundproof,Overcoat,55,75,90,65,70,65,420
784,784_0,Kommo-o,Dragon,Fighting,Bulletproof,Soundproof,Overcoat,75,110,125,100,105,85,600
785,785_0,Tapu Koko,Electric,Fairy,Electric Surge,,Telepathy,70,115,85,95,75,130,570
786,786_0,Tapu Lele,Psychic,Fairy,Psychic Surge,,Telepathy,70,85,75,130,115,95,570
787,787_0,Tapu Bulu,Grass,Fairy,Grassy Surge,,Telepathy,70,130,115,85,95,75,570
788,788_0,Tapu Fini,Water,Fairy,Misty Surge,,Telepathy,70,75,115,95,130,85,570
789,789_0,Cosmog,Psychic,,Unaware,,,43,29,31,29,31,37,200
790,790_0,Cosmoem,Psychic,,Sturdy,,,43,29,131,29,131,37,400
791,791_0,Solgaleo,Psychic,Steel,Full Metal Body,,,137,137,107,113,89,97,680
792,792_0,Lunala,Psychic,Ghost,Shadow Shield,,,137,113,89,137,107,97,680
793,793_0,Nihilego,Rock,Poison,Beast Boost,,,109,53,47,127,131,103,570
794,794_0,Buzzwole,Bug,Fighting,Beast Boost,,,107,139,139,53,53,79,570
795,795_0,Pheromosa,Bug,Fighting,Beast Boost,,,71,137,37,137,37,151,570
796,796_0,Xurkitree,Electric,,Beast Boost,,,83,89,71,173,71,83,570
797,797_0,Celesteela,Steel,Flying,Beast Boost,,,97,101,103,107,101,61,570
798,798_0,Kartana,Grass,Steel,Beast Boost,,,59,181,131,59,31,109,570
799,799_0,Guzzlord,Dark,Dragon,Beast Boost,,,223,101,53,97,53,43,570
800,800_0,Necrozma,Psychic,,Prism Armor,,,97,107,101,127,89,79,600
800,800_1,Dusk Mane Necrozma,Psychic,Steel,Prism Armor,,,97,157,127,113,109,77,680
800,800_2,Dawn Wings Necrozma,Psychic,Ghost,Prism Armor,,,97,113,109,157,127,77,680
800,800_3,Ultra Necrozma,Psychic,Dragon,Neuroforce,,,97,167,97,167,97,129,754
801,801_0,Magearna,Steel,Fairy,Soul-Heart,,,80,95,115,130,115,65,600
802,802_0,Marshadow,Fighting,Ghost,Technician,,,90,125,80,90,90,125,600
803,803_0,Poipole,Poison,,Beast Boost,,,67,73,67,73,67,73,420
804,804_0,Naganadel,Poison,Dragon,Beast Boost,,,73,73,73,127,73,121,540
805,805_0,Stakataka,Rock,Steel,Beast Boost,,,61,131,211,53,101,13,570
806,806_0,Blacephalon,Fire,Ghost,Beast Boost,,,53,127,53,151,79,107,570
807,807_0,Zeraora,Electric,,Volt Absorb,,,88,112,75,102,80,143,600
808,808_0,Meltan,Steel,,Magnet Pull,,,46,65,65,55,35,34,300
809,809_0,Melmetal,Steel,,Iron Fist,,,135,143,143,80,65,34,600
810,810_0,Grookey,Grass,,Overgrow,,Grassy Surge,50,65,50,40,40,65,310
811,811_0,Thwackey,Grass,,Overgrow,,Grassy Surge,70,85,70,55,60,80,420
812,812_0,Rillaboom,Grass,,Overgrow,,Grassy Surge,100,125,90,60,70,85,530
813,813_0,Scorbunny,Fire,,Blaze,,Libero,50,71,40,40,40,69,310
814,814_0,Raboot,Fire,,Blaze,,Libero,65,86,60,55,60,94,420
815,815_0,Cinderace,Fire,,Blaze,,Libero,80,116,75,65,75,119,530
816,816_0,Sobble,Water,,Torrent,,Sniper,50,40,40,70,40,70,310
817,817_0,Drizzile,Water,,Torrent,,Sniper,65,60,55,95,55,90,420
818,818_0,Inteleon,Water,,Torrent,,Sniper,70,85,65,125,65,120,530
819,819_0,Skwovet,Normal,,Cheek Pouch,,Gluttony,70,55,55,35,35,25,275
820,820_0,Greedent,Normal,,Cheek Pouch,,Gluttony,120,95,95,55,75,20,460
821,821_0,Rookidee,Flying,,Keen Eye,Unnerve,Big Pecks,38,47,35,33,35,57,245
822,822_0,Corvisquire,Flying,,Keen Eye,Unnerve,Big Pecks,68,67,55,43,55,77,365
823,823_0,Corviknight,Flying,Steel,Pressure,Unnerve,Mirror Armor,98,87,105,53,85,67,495
824,824_0,Blipbug,Bug,,Swarm,Compound Eyes,Telepathy,25,20,20,25,45,45,180
825,825_0,Dottler,Bug,Psychic,Swarm,Compound Eyes,Telepathy,50,35,80,50,90,30,335
826,826_0,Orbeetle,Bug,Psychic,Swarm,Frisk,Telepathy,60,45,110,80,120,90,505
827,827_0,Nickit,Dark,,Run Away,Unburden,Stakeout,40,28,28,47,52,50,245
828,828_0,Thievul,Dark,,Run Away,Unburden,Stakeout,70,58,58,87,92,90,455
829,829_0,Gossifleur,Grass,,Cotton Down,Regenerator,Effect Spore,40,40,60,40,60,10,250
830,830_0,Eldegoss,Grass,,Cotton Down,Regenerator,Effect Spore,60,50,90,80,120,60,460
831,831_0,Wooloo,Normal,,Fluffy,Run Away,Bulletproof,42,40,55,40,45,48,270
832,832_0,Dubwool,Normal,,Fluffy,Steadfast,Bulletproof,72,80,100,60,90,88,490
833,833_0,Chewtle,Water,,Strong Jaw,Shell Armor,Swift Swim,50,64,50,38,38,44,284
834,834_0,Drednaw,Water,Rock,Strong Jaw,Shell Armor,Swift Swim,90,115,90,48,68,74,485
835,835_0,Yamper,Electric,,Ball Fetch,,Rattled,59,45,50,40,50,26,270
836,836_0,Boltund,Electric,,Strong Jaw,,Competitive,69,90,60,90,60,121,490
837,837_0,Rolycoly,Rock,,Steam Engine,Heatproof,Flash Fire,30,40,50,40,50,30,240
838,838_0,Carkol,Rock,Fire,Steam Engine,Flame Body,Flash Fire,80,60,90,60,70,50,410
839,839_0,Coalossal,Rock,Fire,Steam Engine,Flame Body,Flash Fire,110,80,120,80,90,30,510
840,840_0,Applin,Grass,Dragon,Ripen,Gluttony,Bulletproof,40,40,80,40,40,20,260
841,841_0,Flapple,Grass,Dragon,Ripen,Gluttony,Hustle,70,110,80,95,60,70,485
842,842_0,Appletun,Grass,Dragon,Ripen,Gluttony,Thick Fat,110,85,80,100,80,30,485
843,843_0,Silicobra,Ground,,Sand Spit,Shed Skin,Sand Veil,52,57,75,35,50,46,315
844,844_0,Sandaconda,Ground,,Sand Spit,Shed Skin,Sand Veil,72,107,125,65,70,71,510
845,845_0,Cramorant,Flying,Water,Gulp Missile,,,70,85,55,85,95,85,475
846,846_0,Arrokuda,Water,,Swift Swim,,Propeller Tail,41,63,40,40,30,66,280
847,847_0,Barraskewda,Water,,Swift Swim,,Propeller Tail,61,123,60,60,50,136,490
848,848_0,Toxel,Electric,Poison,Rattled,Static,Klutz,40,38,35,54,35,40,242
849,849_0,Toxtricity Amped Form,Electric,Poison,Punk Rock,Plus,Technician,75,98,70,114,70,75,502
849,849_1,Toxtricity Low-Key Form,Electric,Poison,Punk Rock,Minus,Technician,75,98,70,114,70,75,502
850,850_0,Sizzlipede,Fire,Bug,Flash Fire,White Smoke,Flame Body,50,65,45,50,50,45,305
851,851_0,Centiskorch,Fire,Bug,Flash Fire,White Smoke,Flame Body,100,115,65,90,90,65,525
852,852_0,Clobbopus,Fighting,,Limber,,Technician,50,68,60,50,50,32,310
853,853_0,Grapploct,Fighting,,Limber,,Technician,80,118,90,70,80,42,480
854,854_0,Sinistea,Ghost,,Weak Armor,,Cursed Body,40,45,45,74,54,50,308
855,855_0,Polteageist,Ghost,,Weak Armor,,Cursed Body,60,65,65,134,114,70,508
856,856_0,Hatenna,Psychic,,Healer,Anticipation,Magic Bounce,42,30,45,56,53,39,265
857,857_0,Hattrem,Psychic,,Healer,Anticipation,Magic Bounce,57,40,65,86,73,49,370
858,858_0,Hatterene,Psychic,Fairy,Healer,Anticipation,Magic Bounce,57,90,95,136,103,29,510
859,859_0,Impidimp,Dark,Fairy,Prankster,Frisk,Pickpocket,45,45,30,55,40,50,265
860,860_0,Morgrem,Dark,Fairy,Prankster,Frisk,Pickpocket,65,60,45,75,55,70,370
861,861_0,Grimmsnarl,Dark,Fairy,Prankster,Frisk,Pickpocket,95,120,65,95,75,60,510
862,862_0,Obstagoon,Dark,Normal,Reckless,Guts,Defiant,93,90,101,60,81,95,520
863,863_0,Perrserker,Steel,,Battle Armor,Tough Claws,Steely Spirit,70,110,100,50,60,50,440
864,864_0,Cursola,Ghost,,Weak Armor,,Perish Body,60,95,50,145,130,30,510
865,865_0,Sirfetch'd,Fighting,,Steadfast,,Scrappy,62,135,95,68,82,65,507
866,866_0,Mr. Rime,Ice,Psychic,Tangled Feet,Screen Cleaner,Ice Body,80,85,75,110,100,70,520
867,867_0,Runerigus,Ground,Ghost,Wandering Spirit,,,58,95,145,50,105,30,483
868,868_0,Milcery,Fairy,,Sweet Veil,,Aroma Veil,45,40,40,50,61,34,270
869,869_0,Alcremie,Fairy,,Sweet Veil,,Aroma Veil,65,60,75,110,121,64,495
870,870_0,Falinks,Fighting,,Battle Armor,,Defiant,65,100,100,70,60,75,470
871,871_0,Pincurchin,Electric,,Lightning Rod,,Electric Surge,48,101,95,91,85,15,435
872,872_0,Snom,Ice,Bug,Shield Dust,,Ice Scales,30,25,35,45,30,20,185
873,873_0,Frosmoth,Ice,Bug,Shield Dust,,Ice Scales,70,65,60,125,90,65,475
874,874_0,Stonjourner,Rock,,Power Spot,,,100,125,135,20,20,70,470
875,875_0,Eiscue Ice Face,Ice,,Ice Face,,,75,80,110,65,90,50,470
875,875_1,Eiscue Noice Face,Ice,,Ice Face,,,75,80,70,65,50,130,470
876,876_0,Indeedee Male,Psychic,Normal,Inner Focus,Synchronize,Psychic Surge,60,65,55,105,95,95,475
876,876_1,Indeedee Female,Psychic,Normal,Own Tempo,Synchronize,Psychic Surge,70,55,65,95,105,85,475
877,877_0,Morpeko Full Berry Mode,Electric,Dark,Hunger Switch,,,58,95,58,70,58,97,436
877,877_1,Morpeko Hangry Mode,Electric,Dark,Hunger Switch,,,58,95,58,70,58,97,436
878,878_0,Cufant,Steel,,Sheer Force,,Heavy Metal,72,80,49,40,49,40,330
879,879_0,Copperajah,Steel,,Sheer Force,,Heavy Metal,122,130,69,80,69,30,500
880,880_0,Dracozolt,Electric,Dragon,Volt Absorb,Hustle,Sand Rush,90,100,90,80,70,75,505
881,881_0,Arctozolt,Electric,Ice,Volt Absorb,Static,Slush Rush,90,100,90,90,80,55,505
882,882_0,Dracovish,Water,Dragon,Water Absorb,Strong Jaw,Sand Rush,90,90,100,70,80,75,505
883,883_0,Arctovish,Water,Ice,Water Absorb,Ice Body,Slush Rush,90,90,100,80,90,55,505
884,884_0,Duraludon,Steel,Dragon,Light Metal,Heavy Metal,Stalwart,70,95,115,120,50,85,535
885,885_0,Dreepy,Dragon,Ghost,Clear Body,Infiltrator,Cursed Body,28,60,30,40,30,82,270
886,886_0,Drakloak,Dragon,Ghost,Clear Body,Infiltrator,Cursed Body,68,80,50,60,50,102,410
887,887_0,Dragapult,Dragon,Ghost,Clear Body,Infiltrator,Cursed Body,88,120,75,100,75,142,600
888,888_0,Zacian Hero of Many Battles,Fairy,,Intrepid Sword,,,92,120,115,80,115,138,660
888,888_1,Zacian Crowned Sword,Fairy,Steel,Intrepid Sword,,,92,150,115,80,115,148,700
889,889_0,Zamazenta Hero of Many Battles,Fighting,,Dauntless Shield,,,92,120,115,80,115,138,660
889,889_1,Zamazenta Crowned Shield,Fighting,Steel,Dauntless Shield,,,92,120,140,80,140,128,700
890,890_0,Eternatus,Poison,Dragon,Pressure,,,140,85,95,145,95,130,690
890,890_1,Eternamax Eternatus,Poison,Dragon,Pressure,,,255,115,250,125,250,130,1125
891,891_0,Kubfu,Fighting,,Inner Focus,,No Guard,60,90,60,53,50,72,385
892,892_0,Urshifu Single Strike Style,Fighting,Dark,Unseen Fist,,,100,130,100,63,60,97,550
892,892_1,Urshifu Rapid Strike Style,Fighting,Water,Unseen Fist,,,100,130,100,63,60,97,550
893,893_0,Zarude,Dark,Grass,Leaf Guard,,,105,120,105,70,95,105,600
894,894_0,Regieleki,Electric,,Transistor,,,80,100,50,100,50,200,580
895,895_0,Regidrago,Dragon,,Dragon's Maw,,,200,100,50,100,50,80,580
896,896_0,Glastrier,Ice,,Chilling Neigh,,,100,145,130,65,110,30,580
897,897_0,Spectrier,Ghost,,Grim Neigh,,,100,65,60,145,80,130,580
898,898_0,Calyrex,Psychic,Grass,Unnerve,,,100,80,80,80,80,80,500
898,898_1,Calyrex Ice Rider,Psychic,Ice,As One,,,100,165,150,85,130,50,680
898,898_2,Calyrex Shadow Rider,Psychic,Ghost,As One,,,100,85,80,165,100,150,680
899,899_0,Wyrdeer,Normal,Psychic,Intimidate,Frisk,Sap Sipper,103,105,72,105,75,65,525
900,900_0,Kleavor,Bug,Rock,Swarm,Sheer Force,Sharpness,70,130,95,45,75,85,500
901,901_0,Ursaluna,Ground,Normal,Guts,Bulletproof,Unnerve,130,140,105,45,80,50,550
902,902_0,Basculegion Male,Water,Ghost,Swift Swim,Adaptability,Mold Breaker,120,112,65,80,75,78,530
902,902_1,Basculegion Felame,Water,Ghost,Swift Swim,Adaptability,Mold Breaker,120,92,65,100,75,78,530
903,903_0,Sneasler,Fighting,Poison,Pressure,Unburden,Poison Touch,80,130,60,40,80,120,510
904,904_0,Overqwil,Dark,Poison,Poison Point,Swift Swim,Intimidate,85,115,95,65,65,85,510
905,905_0,Enamorus Incarnate Style,Fairy,Flying,Cute Charm,,Contrary,74,115,70,135,80,106,580
905,905_1,Enamorus Therian Style,Fairy,Flying,Overcoat,,,74,115,110,135,100,46,580
906,906_0,Sprigatito,Grass,,Overgrow,,Protean,40,61,54,45,45,65,310
907,907_0,Floragato,Grass,,Overgrow,,Protean,61,80,63,60,63,83,410
908,908_0,Meowscarada,Grass,Dark,Overgrow,,Protean,76,110,70,81,70,123,530
909,909_0,Fuecoco,Fire,,Blaze,,Unaware,67,45,59,63,40,36,310
910,910_0,Crocalor,Fire,,Blaze,,Unaware,81,55,78,90,58,49,411
911,911_0,Skeledirge,Fire,Ghost,Blaze,,Unaware,104,75,100,110,75,66,530
912,912_0,Quaxly,Water,,Torrent,,Moxie,55,65,45,50,45,50,310
913,913_0,Quaxwell,Water,,Torrent,,Moxie,70,85,65,65,60,65,410
914,914_0,Quaquaval,Water,Fighting,Torrent,,Moxie,85,120,80,85,75,85,530
915,915_0,Lechonk,Normal,,Aroma Veil,Gluttony,Thick Fat,54,45,40,35,45,35,254
916,916_0,Oinkologne,Normal,,Lingering Aroma,Gluttony,Thick Fat,110,100,75,59,80,65,489
916,916_1,Oinkologne,Normal,,Aroma Veil,Gluttony,Thick Fat,115,90,70,59,90,65,489
917,917_0,Tarountula,Bug,,Insomnia,,Stakeout,35,41,45,29,40,20,210
918,918_0,Spidops,Bug,,Insomnia,,Stakeout,60,79,92,52,86,35,404
919,919_0,Nymble,Bug,,Swarm,,Tinted Lens,33,46,40,21,25,45,210
920,920_0,Lokix,Bug,Dark,Swarm,,Tinted Lens,71,102,78,52,55,92,450
921,921_0,Pawmi,Electric,,Static,Natural Cure,Iron Fist,45,50,20,40,25,60,240
922,922_0,Pawmo,Electric,Fighting,Volt Absorb,Natural Cure,Iron Fist,60,75,40,50,40,85,350
923,923_0,Pawmot,Electric,Fighting,Volt Absorb,Natural Cure,Iron Fist,70,115,70,70,60,105,490
924,924_0,Tandemaus,Normal,,Run Away,Pickup,Own Tempo,50,50,45,40,45,75,305
925,925_0,Maushold Family of Three,Normal,,Friend Guard,Cheek Pouch,Technician,74,75,70,65,75,111,470
925,925_1,Maushold Family of Four,Normal,,Friend Guard,Cheek Pouch,Technician,74,75,70,65,75,111,470
926,926_0,Fidough,Fairy,,Own Tempo,,Klutz,37,55,70,30,55,65,312
927,927_0,Dachsbun,Fairy,,Well-Baked Body,,Aroma Veil,57,80,115,50,80,95,477
928,928_0,Smoliv,Grass,Normal,Early Bird,,Harvest,41,35,45,58,51,30,260
929,929_0,Dolliv,Grass,Normal,Early Bird,,Harvest,52,53,60,78,78,33,354
930,930_0,Arboliva,Grass,Normal,Seed Sower,,Harvest,78,69,90,125,109,39,510
931,931_0,Squawkabilly Green Plumage,Normal,Flying,Intimidate,Guts,Guts,82,96,51,45,51,92,417
931,931_1,Squawkabilly Blue Plumage,Normal,Flying,Intimidate,Guts,Guts,82,96,51,45,51,92,417
931,931_2,Squawkabilly Yellow Plumage,Normal,Flying,Intimidate,Guts,Sheer Force,82,96,51,45,51,92,417
931,931_3,Squawkabilly White Plumage,Normal,Flying,Intimidate,Guts,Sheer Force,82,96,51,45,51,92,417
932,932_0,Nacli,Rock,,Purifying Salt,Sturdy,Clear Body,55,55,75,35,35,25,280
933,933_0,Naclstack,Rock,,Purifying Salt,Sturdy,Clear Body,60,60,100,35,65,35,355
934,934_0,Garganacl,Rock,,Purifying Salt,Sturdy,Clear Body,100,100,130,45,90,35,500
935,935_0,Charcadet,Fire,,Flash Fire,,Flame Body,40,50,40,50,40,35,255
936,936_0,Armarouge,Fire,Psychic,Flash Fire,,Weak Armor,85,60,100,125,80,75,525
937,937_0,Ceruledge,Fire,Ghost,Flash Fire,,Weak Armor,75,125,80,60,100,85,525
938,938_0,Tadbulb,Electric,,Own Tempo,Static,Damp,61,31,41,59,35,45,272
939,939_0,Bellibolt,Electric,,Electromorphosis,Static,Damp,109,64,91,103,83,45,495
940,940_0,Wattrel,Electric,Flying,Wind Power,Volt Absorb,Competitive,40,40,35,55,40,70,280
941,941_0,Kilowattrel,Electric,Flying,Wind Power,Volt Absorb,Competitive,70,70,60,105,60,125,490
942,942_0,Maschiff,Dark,,Intimidate,Run Away,Stakeout,60,78,60,40,51,51,340
943,943_0,Mabosstiff,Dark,,Intimidate,Guard Dog,Stakeout,80,120,90,60,70,85,505
944,944_0,Shroodle,Poison,Normal,Unburden,Pickpocket,Prankster,40,65,35,40,35,75,290
945,945_0,Grafaiai,Poison,Normal,Unburden,Poison Touch,Prankster,63,95,65,80,72,110,485
946,946_0,Bramblin,Grass,Ghost,Wind Rider,,Infiltrator,40,65,30,45,35,60,275
947,947_0,Brambleghast,Grass,Ghost,Wind Rider,,Infiltrator,55,115,70,80,70,90,480
948,948_0,Toedscool,Ground,Grass,Mycelium Might,,,40,40,35,50,100,70,335
949,949_0,Toedscruel,Ground,Grass,Mycelium Might,,,80,70,65,80,120,100,515
950,950_0,Klawf,Rock,,Anger Shell,Shell Armor,Regenerator,70,100,115,35,55,75,450
951,951_0,Capsakid,Grass,,Chlorophyll,Insomnia,Klutz,50,62,40,62,40,50,304
952,952_0,Scovillain,Grass,Fire,Chlorophyll,Insomnia,Moody,65,108,65,108,65,75,486
953,953_0,Rellor,Bug,,Compound Eyes,,Shed Skin,41,50,60,31,58,30,270
954,954_0,Rabsca,Bug,Psychic,Synchronize,,Telepathy,75,50,85,115,100,45,470
955,955_0,Flittle,Psychic,,Anticipation,Frisk,Speed Boost,30,35,30,55,30,75,255
956,956_0,Espathra,Psychic,,Opportunist,Frisk,Speed Boost,95,60,60,101,60,105,481
957,957_0,Tinkatink,Fairy,Steel,Mold Breaker,Own Tempo,Pickpocket,50,45,45,35,64,58,297
958,958_0,Tinkatuff,Fairy,Steel,Mold Breaker,Own Tempo,Pickpocket,65,55,55,45,82,78,380
959,959_0,Tinkaton,Fairy,Steel,Mold Breaker,Own Tempo,Pickpocket,85,75,77,70,105,94,506
960,960_0,Wiglett,Water,,Gooey,Rattled,Sand Veil,10,55,25,35,25,95,245
961,961_0,Wugtrio,Water,,Gooey,Rattled,Sand Veil,35,100,50,50,70,120,425
962,962_0,Bombirdier,Flying,Dark,Big Pecks,Keen Eye,Rocky Payload,70,103,85,60,85,82,485
963,963_0,Finizen,Water,,Water Veil,,,70,45,40,45,40,75,315
964,964_0,Palafin Zero Form,Water,,Zero to Hero,,,100,70,72,53,62,100,457
964,964_1,Palafin Hero Form,Water,,Zero to Hero,,,100,160,97,106,87,100,650
965,965_0,Varoom,Steel,Poison,Overcoat,,Slow Start,45,70,63,30,45,47,300
966,966_0,Revavroom,Steel,Poison,Overcoat,,Filter,80,119,90,54,67,90,500
967,967_0,Cyclizar,Dragon,Normal,Shed Skin,,Regenerator,70,95,65,85,65,121,501
968,968_0,Orthworm,Steel,,Earth Eater,,Sand Veil,70,85,145,60,55,65,480
969,969_0,Glimmet,Rock,Poison,Toxic Debris,,Corrosion,48,35,42,105,60,60,350
970,970_0,Glimmora,Rock,Poison,Toxic Debris,,Corrosion,83,55,90,130,81,86,525
971,971_0,Greavard,Ghost,,Pickup,,Fluffy,50,61,60,30,55,34,290
972,972_0,Houndstone,Ghost,,Sand Rush,,Fluffy,72,101,100,50,97,68,488
973,973_0,Flamigo,Flying,Fighting,Scrappy,Tangled Feet,Costar,82,115,74,75,64,90,500
974,974_0,Cetoddle,Ice,,Thick Fat,Snow Cloak,Sheer Force,108,68,45,30,40,43,334
975,975_0,Cetitan,Ice,,Thick Fat,Slush Rush,Sheer Force,170,113,65,45,55,73,521
976,976_0,Veluza,Water,Psychic,Mold Breaker,,Sharpness,90,102,73,78,65,70,478
977,977_0,Dondozo,Water,,Unaware,Oblivious,Water Veil,150,100,115,65,65,35,530
978,978_0,Tatsugiri Curly Form,Dragon,Water,Commander,,Storm Drain,68,50,60,120,95,82,475
978,978_1,Tatsugiri Droopy Form,Dragon,Water,Commander,,Storm Drain,68,50,60,120,95,82,475
978,978_2,Tatsugiri Stretchy Form,Dragon,Water,Commander,,Storm Drain,68,50,60,120,95,82,475
979,979_0,Annihilape,Fighting,Ghost,Vital Spirit,Inner Focus,Defiant,110,115,80,50,90,90,535
980,980_0,Clodsire,Poison,Ground,Poison Point,Water Absorb,Unaware,130,75,60,45,100,20,430
981,981_0,Farigiraf,Normal,Psychic,Cud Chew,Armor Tail,Sap Sipper,120,90,70,110,70,60,520
982,982_0,Dudunsparce Two-Segment Form,Normal,,Serene Grace,Run Away,Rattled,125,100,80,85,75,55,520
982,982_1,Dudunsparce Three-Segment Form,Normal,,Serene Grace,Run Away,Rattled,125,100,80,85,75,55,520
983,983_0,Kingambit,Dark,Steel,Defiant,Supreme Overlord,Pressure,100,135,120,60,85,50,550
984,984_0,Great Tusk,Ground,Fighting,Protosynthesis,,,115,131,131,53,53,87,570
985,985_0,Scream Tail,Fairy,Psychic,Protosynthesis,,,115,65,99,65,115,111,570
986,986_0,Brute Bonnet,Grass,Dark,Protosynthesis,,,111,127,99,79,99,55,570
987,987_0,Flutter Mane,Ghost,Fairy,Protosynthesis,,,55,55,55,135,135,135,570
988,988_0,Slither Wing,Bug,Fighting,Protosynthesis,,,85,135,79,85,105,81,570
989,989_0,Sandy Shocks,Electric,Ground,Protosynthesis,,,85,81,97,121,85,101,570
990,990_0,Iron Treads,Ground,Steel,Quark Drive,,,90,112,120,72,70,106,570
991,991_0,Iron Bundle,Ice,Water,Quark Drive,,,56,80,114,124,60,136,570
992,992_0,Iron Hands,Fighting,Electric,Quark Drive,,,154,140,108,50,68,50,570
993,993_0,Iron Jugulis,Dark,Flying,Quark Drive,,,94,80,86,122,80,108,570
994,994_0,Iron Moth,Fire,Poison,Quark Drive,,,80,70,60,140,110,110,570
995,995_0,Iron Thorns,Rock,Electric,Quark Drive,,,100,134,110,70,84,72,570
996,996_0,Frigibax,Dragon,Ice,Thermal Exchange,,Ice Body,65,75,45,35,45,55,320
997,997_0,Arctibax,Dragon,Ice,Thermal Exchange,,Ice Body,90,95,66,45,65,62,423
998,998_0,Baxcalibur,Dragon,Ice,Thermal Exchange,,Ice Body,115,145,92,75,86,87,600
999,999_0,Gimmighoul Chest Form,Ghost,,Rattled,,,45,30,70,75,70,10,300
999,999_1,Gimmighoul Roaming Form,Ghost,,Run Away,,,45,30,25,75,45,80,300
1000,1000_0,Gholdengo,Steel,Ghost,Good as Gold,,,87,60,95,133,91,84,550
1001,1001_0,Wo-Chien,Dark,Grass,Tablets of Ruin,,,85,85,100,95,135,70,570
1002,1002_0,Chien-Pao,Dark,Ice,Sword of Ruin,,,80,120,80,90,65,135,570
1003,1003_0,Ting-Lu,Dark,Ground,Vessel of Ruin,,,155,110,125,55,80,45,570
1004,1004_0,Chi-Yu,Dark,Fire,Beads of Ruin,,,55,80,80,135,120,100,570
1005,1005_0,Roaring Moon,Dragon,Dark,Protosynthesis,,,105,139,71,55,101,119,590
1006,1006_0,Iron Valiant,Fairy,Fighting,Quark Drive,,,74,130,90,120,60,116,590
1007,1007_0,Koraidon,Fighting,Dragon,Orichalcum Pulse,,,100,135,115,85,100,135,670
1008,1008_0,Miraidon,Electric,Dragon,Hadron Engine,,,100,85,100,135,115,135,670
1009,1009_0,Walking Wake,Water,Dragon,Protosynthesis,,,99,83,91,125,83,109,590
1010,1010_0,Iron Leaves,Grass,Psychic,Quark Drive,,,90,130,88,70,108,104,590
